schema_version,timestamp,task,num_envs,seed,warmup_steps,bench_steps,cloth_cfg_ref,meta.spec,meta.repeat,meta.axis_task,meta.axis_num_envs,meta.point_index,env.machine,env.hostname,env.gpu_name,env.gpu_mem_total_mb,env.driver_version,env.compute_cap,env.power_limit_w,env.sm_clock_max_mhz,env.ecc_mode,env.torch_cuda_capability,env.cuda_device_count,env.tf32_matmul,env.tf32_cudnn,env.python,env.platform,env.torch,env.cuda_runtime,env.cudnn,env.isaaclab,env.isaacsim,env.skrl,env.gymnasium,env.git_commit,env.git_branch,env.git_dirty,status,action_dim,obs_dim,construct_s,first_reset_s,cfg.robot,cfg.action_space,cfg.dt,cfg.decimation,cfg.render_interval,cfg.solver_type,cfg.enhanced_determinism,cfg.precision,cfg.physx.gpu_collision_stack_size,cfg.physx.gpu_max_particle_contacts,cfg.physx.gpu_found_lost_aggregate_pairs_capacity,cfg.physx.gpu_total_aggregate_pairs_capacity,cfg.physx.gpu_max_rigid_contact_count,cfg.physx.gpu_max_rigid_patch_count,cfg.physx.gpu_heap_capacity,n_steps,steps_per_s,env_steps_per_s,step_ms_mean,step_ms_p50,step_ms_p95,step_ms_max,cuda_alloc_gb,cuda_reserved_gb,cuda_max_alloc_gb,cuda_max_reserved_gb,driver_used_gb,host_rss_gb,host_ram_used_gb,host_cpu_pct,gpu_power_w_mean,gpu_power_w_max,gpu_util_mean,gpu_mem_util_mean,gpu_mem_used_mb_max,gpu_sm_clock_mhz_mean,gpu_temp_c_max,gpu_energy_j,energy_j_per_Mstep,sane,reset_s,physx_overflow_warns,physics_ok
1,2026-07-08T23:06:40+0200,Template-Reach-UR5e-F140-v0,256,0,30,300,,robot_dof_matrix,0,Template-Reach-UR5e-F140-v0,256,0,pve-robotik-humble,pve-robotik-humble,NVIDIA RTX A6000,49140,580.95.05,8.6,300.00,2100,Disabled,8.6,1,False,True,3.11.15,Linux-6.8.0-124-generic-x86_64-with-glibc2.35,2.7.0+cu128,12.8,90701,0.54.3,,2.1.0,1.2.1,bb75a45ca8ed15fbacb4bff61a38041b79d7a0c3,project/tendonbot-sim-rl,True,ok,6,31,3.3217777949757874,0.0634220769861713,ur5e,joint,0.016666666666666666,2,2,1,False,fp32,67108864,1048576,33554432,2097152,8388608,163840,67108864,300,61.74812172056089,15807.519160463587,16.194824589571606,15.225356502924114,15.68499703425914,290.8106060931459,0.0013165473937988281,0.001953125,0.0015482902526855469,0.001953125,3.5233154296875,3.185749053955078,14.221961975097656,16.1,124.26318181818182,127.73,44.27272727272727,0.9090909090909091,3608.0,1800.0,81.0,593.180625670769,7723.706063421471,True,0.005371978972107172,0,True
1,2026-07-08T23:06:57+0200,Template-Reach-UR5e-F140-v0,1024,0,30,300,,robot_dof_matrix,0,Template-Reach-UR5e-F140-v0,1024,1,pve-robotik-humble,pve-robotik-humble,NVIDIA RTX A6000,49140,580.95.05,8.6,300.00,2100,Disabled,8.6,1,False,True,3.11.15,Linux-6.8.0-124-generic-x86_64-with-glibc2.35,2.7.0+cu128,12.8,90701,0.54.3,,2.1.0,1.2.1,bb75a45ca8ed15fbacb4bff61a38041b79d7a0c3,project/tendonbot-sim-rl,True,ok,6,31,5.642570055089891,0.05518334300722927,ur5e,joint,0.016666666666666666,2,2,1,False,fp32,67108864,1048576,33554432,2097152,8388608,163840,67108864,300,52.3538372520761,53610.32934612592,19.10079666529782,18.092594458721578,19.085992855252698,287.9338259808719,0.005236148834228516,0.0078125,0.006163120269775391,0.0078125,3.7303466796875,3.6617813110351562,14.705875396728516,17.7,144.07692307692307,148.97,54.80769230769231,8.653846153846153,3820.0,1800.0,81.0,814.431704777069,2651.1448723211884,True,0.0051829920848831534,0,True
1,2026-07-08T23:07:16+0200,Template-Reach-UR5e-F140-v0,4096,0,30,300,,robot_dof_matrix,0,Template-Reach-UR5e-F140-v0,4096,2,pve-robotik-humble,pve-robotik-humble,NVIDIA RTX A6000,49140,580.95.05,8.6,300.00,2100,Disabled,8.6,1,False,True,3.11.15,Linux-6.8.0-124-generic-x86_64-with-glibc2.35,2.7.0+cu128,12.8,90701,0.54.3,,2.1.0,1.2.1,bb75a45ca8ed15fbacb4bff61a38041b79d7a0c3,project/tendonbot-sim-rl,True,ok,6,31,16.56568387406878,0.08267692290246487,ur5e,joint,0.016666666666666666,2,2,1,False,fp32,67108864,1048576,33554432,2097152,8388608,163840,67108864,300,43.35784873413576,177593.74841502006,23.063874919898808,22.03280699905008,23.516791581641883,292.4069110304117,0.021164417266845703,0.037109375,0.024872303009033203,0.037109375,4.5858154296875,5.412342071533203,16.419960021972656,20.4,183.18903225806451,191.57,48.225806451612904,26.580645161290324,4696.0,1845.0,83.0,1250.8951884913904,1017.9811104259362,True,0.00525183801073581,0,True
1,2026-07-08T23:07:50+0200,Template-Reach-UR5e-Frankenstein-v0,256,0,30,300,,robot_dof_matrix,0,Template-Reach-UR5e-Frankenstein-v0,256,3,pve-robotik-humble,pve-robotik-humble,NVIDIA RTX A6000,49140,580.95.05,8.6,300.00,2100,Disabled,8.6,1,False,True,3.11.15,Linux-6.8.0-124-generic-x86_64-with-glibc2.35,2.7.0+cu128,12.8,90701,0.54.3,,2.1.0,1.2.1,bb75a45ca8ed15fbacb4bff61a38041b79d7a0c3,project/tendonbot-sim-rl,True,ok,8,39,3.407986709033139,0.053702123928815126,ur5e+wrist,joint,0.016666666666666666,2,2,1,False,fp32,67108864,1048576,33554432,2097152,8388608,163840,67108864,300,56.02017382592357,14341.164499436434,17.8507121935642,16.919337504077703,17.652657110011205,291.2459089420736,0.0015535354614257812,0.00390625,0.001842498779296875,0.00390625,3.5291748046875,3.2026100158691406,14.260200500488281,16.6,126.00625000000001,129.58,52.708333333333336,1.0,3614.0,1845.0,81.0,653.9886822279856,8515.477633176895,True,0.005524237989448011,0,True
1,2026-07-08T23:08:07+0200,Template-Reach-UR5e-Frankenstein-v0,1024,0,30,300,,robot_dof_matrix,0,Template-Reach-UR5e-Frankenstein-v0,1024,4,pve-robotik-humble,pve-robotik-humble,NVIDIA RTX A6000,49140,580.95.05,8.6,300.00,2100,Disabled,8.6,1,False,True,3.11.15,Linux-6.8.0-124-generic-x86_64-with-glibc2.35,2.7.0+cu128,12.8,90701,0.54.3,,2.1.0,1.2.1,bb75a45ca8ed15fbacb4bff61a38041b79d7a0c3,project/tendonbot-sim-rl,True,ok,8,39,5.621401477023028,0.05797945195809007,ur5e+wrist,joint,0.016666666666666666,2,2,1,False,fp32,67108864,1048576,33554432,2097152,8388608,163840,67108864,300,47.611436941568876,48754.11142816653,21.003356845273323,20.029840525239706,20.88372795842588,292.90113400202245,0.006182670593261719,0.02734375,0.007338523864746094,0.02734375,3.8201904296875,3.7261734008789062,14.801307678222656,18.1,147.94857142857146,152.69,52.285714285714285,8.75,3912.0,1800.0,82.0,907.1739804347187,2953.0403008942667,True,0.005270357010886073,0,True
1,2026-07-08T23:08:28+0200,Template-Reach-UR5e-Frankenstein-v0,4096,0,30,300,,robot_dof_matrix,0,Template-Reach-UR5e-Frankenstein-v0,4096,5,pve-robotik-humble,pve-robotik-humble,NVIDIA RTX A6000,49140,580.95.05,8.6,300.00,2100,Disabled,8.6,1,False,True,3.11.15,Linux-6.8.0-124-generic-x86_64-with-glibc2.35,2.7.0+cu128,12.8,90701,0.54.3,,2.1.0,1.2.1,bb75a45ca8ed15fbacb4bff61a38041b79d7a0c3,project/tendonbot-sim-rl,True,ok,8,39,15.335286407964304,0.06476979702711105,ur5e+wrist,joint,0.016666666666666666,2,2,1,False,fp32,67108864,1048576,33554432,2097152,8388608,163840,67108864,300,38.60325732200569,158118.9419909353,25.90454975492321,24.808193498756737,26.056355779292062,305.5911500705406,0.025010108947753906,0.037109375,0.030549049377441406,0.037109375,4.6893310546875,5.727108001708984,16.903499603271484,21.3,190.76914285714287,198.2,64.14285714285714,36.0,4802.0,1845.0,84.0,1468.5284004809173,1195.0914717455382,True,0.0054472360061481595,0,True
1,2026-07-08T23:09:01+0200,Template-Reach-UR10-F140-v0,256,0,30,300,,robot_dof_matrix,0,Template-Reach-UR10-F140-v0,256,6,pve-robotik-humble,pve-robotik-humble,NVIDIA RTX A6000,49140,580.95.05,8.6,300.00,2100,Disabled,8.6,1,False,True,3.11.15,Linux-6.8.0-124-generic-x86_64-with-glibc2.35,2.7.0+cu128,12.8,90701,0.54.3,,2.1.0,1.2.1,bb75a45ca8ed15fbacb4bff61a38041b79d7a0c3,project/tendonbot-sim-rl,True,ok,6,31,4.011384723009542,0.06385788507759571,ur10,joint,0.016666666666666666,2,2,1,False,fp32,67108864,1048576,33554432,2097152,8388608,163840,67108864,300,61.48286948097301,15739.61458712909,16.26469305095573,15.21906949346885,16.35862035327591,286.64530103560537,0.0013480186462402344,0.001953125,0.0015940666198730469,0.001953125,3.5233154296875,3.190166473388672,14.221603393554688,16.3,125.62954545454545,128.85,43.18181818181818,0.8636363636363636,3608.0,1800.0,82.0,595.5877113122384,7755.048324378105,True,0.006242673029191792,0,True
1,2026-07-08T23:09:18+0200,Template-Reach-UR10-F140-v0,1024,0,30,300,,robot_dof_matrix,0,Template-Reach-UR10-F140-v0,1024,7,pve-robotik-humble,pve-robotik-humble,NVIDIA RTX A6000,49140,580.95.05,8.6,300.00,2100,Disabled,8.6,1,False,True,3.11.15,Linux-6.8.0-124-generic-x86_64-with-glibc2.35,2.7.0+cu128,12.8,90701,0.54.3,,2.1.0,1.2.1,bb75a45ca8ed15fbacb4bff61a38041b79d7a0c3,project/tendonbot-sim-rl,True,ok,6,31,5.770049031940289,0.05932969506829977,ur10,joint,0.016666666666666666,2,2,1,False,fp32,67108864,1048576,33554432,2097152,8388608,163840,67108864,300,51.04755917048256,52272.70059057414,19.589575216717396,18.469900474883616,19.937381852651015,290.5058650067076,0.005362033843994141,0.0078125,0.006346225738525391,0.0078125,3.7303466796875,3.6808624267578125,14.720390319824219,18.0,144.88153846153847,149.52,57.42307692307692,9.115384615384615,3820.0,1845.0,82.0,822.9417948239765,2678.8469883592984,True,0.0054640870075672865,0,True
1,2026-07-08T23:09:39+0200,Template-Reach-UR10-F140-v0,4096,0,30,300,,robot_dof_matrix,0,Template-Reach-UR10-F140-v0,4096,8,pve-robotik-humble,pve-robotik-humble,NVIDIA RTX A6000,49140,580.95.05,8.6,300.00,2100,Disabled,8.6,1,False,True,3.11.15,Linux-6.8.0-124-generic-x86_64-with-glibc2.35,2.7.0+cu128,12.8,90701,0.54.3,,2.1.0,1.2.1,bb75a45ca8ed15fbacb4bff61a38041b79d7a0c3,project/tendonbot-sim-rl,True,ok,6,31,14.44211287505459,0.06799137801863253,ur10,joint,0.016666666666666666,2,2,1,False,fp32,67108864,1048576,33554432,2097152,8388608,163840,67108864,300,41.98106829721807,171954.45574540523,23.82026090713528,22.797979530878365,24.083969526691362,293.2773900683969,0.021683216094970703,0.03515625,0.025619983673095703,0.03515625,4.5936279296875,5.370903015136719,16.385086059570312,20.7,182.5378125,188.89,55.53125,30.875,4704.0,1845.0,84.0,1295.2635496750754,1054.088175191305,True,0.005364536074921489,0,True
1,2026-07-08T23:10:12+0200,Template-Reach-UR10-Frankenstein-v0,256,0,30,300,,robot_dof_matrix,0,Template-Reach-UR10-Frankenstein-v0,256,9,pve-robotik-humble,pve-robotik-humble,NVIDIA RTX A6000,49140,580.95.05,8.6,300.00,2100,Disabled,8.6,1,False,True,3.11.15,Linux-6.8.0-124-generic-x86_64-with-glibc2.35,2.7.0+cu128,12.8,90701,0.54.3,,2.1.0,1.2.1,bb75a45ca8ed15fbacb4bff61a38041b79d7a0c3,project/tendonbot-sim-rl,True,ok,8,39,3.788562874076888,0.06632113491650671,ur10+wrist,joint,0.016666666666666666,2,2,1,False,fp32,67108864,1048576,33554432,2097152,8388608,163840,67108864,300,54.17799562891828,13869.56688100308,18.457678036841877,17.35682151047513,18.684252962702885,307.3555079754442,0.0015850067138671875,0.00390625,0.001888275146484375,0.00390625,3.82012939453125,3.205272674560547,14.539295196533203,19.0,126.5372,129.42,52.2,1.0,3912.0,1845.0,82.0,688.9775307558868,8971.061598383943,True,0.005548431072384119,0,True
1,2026-07-08T23:10:29+0200,Template-Reach-UR10-Frankenstein-v0,1024,0,30,300,,robot_dof_matrix,0,Template-Reach-UR10-Frankenstein-v0,1024,10,pve-robotik-humble,pve-robotik-humble,NVIDIA RTX A6000,49140,580.95.05,8.6,300.00,2100,Disabled,8.6,1,False,True,3.11.15,Linux-6.8.0-124-generic-x86_64-with-glibc2.35,2.7.0+cu128,12.8,90701,0.54.3,,2.1.0,1.2.1,bb75a45ca8ed15fbacb4bff61a38041b79d7a0c3,project/tendonbot-sim-rl,True,ok,8,39,5.769701260025613,0.06843352096620947,ur10+wrist,joint,0.016666666666666666,2,2,1,False,fp32,67108864,1048576,33554432,2097152,8388608,163840,67108864,300,45.47492615649383,46566.32438424968,21.99014016116659,20.88590752100572,22.495562949916348,296.7149739852175,0.006308555603027344,0.02734375,0.007521629333496094,0.02734375,4.11895751953125,3.7444190979003906,15.049694061279297,18.9,147.09103448275863,151.97,46.172413793103445,7.862068965517241,4218.0,1845.0,82.0,946.9391274995007,3082.4841389957705,True,0.0053484090603888035,0,True
1,2026-07-08T23:10:51+0200,Template-Reach-UR10-Frankenstein-v0,4096,0,30,300,,robot_dof_matrix,0,Template-Reach-UR10-Frankenstein-v0,4096,11,pve-robotik-humble,pve-robotik-humble,NVIDIA RTX A6000,49140,580.95.05,8.6,300.00,2100,Disabled,8.6,1,False,True,3.11.15,Linux-6.8.0-124-generic-x86_64-with-glibc2.35,2.7.0+cu128,12.8,90701,0.54.3,,2.1.0,1.2.1,bb75a45ca8ed15fbacb4bff61a38041b79d7a0c3,project/tendonbot-sim-rl,True,ok,8,39,16.47617314592935,0.08780093002133071,ur10+wrist,joint,0.016666666666666666,2,2,1,False,fp32,67108864,1048576,33554432,2097152,8388608,163840,67108864,300,37.699144947676345,154415.6977056823,26.525800555634003,25.653865945059806,26.58281241892837,288.5092089418322,0.025528907775878906,0.0390625,0.031327247619628906,0.0390625,4.7537841796875,5.796730041503906,16.835346221923828,22.1,189.67200000000003,194.99,68.14285714285714,38.857142857142854,4868.0,1845.0,84.0,1479.8209563258154,1204.2813772182742,True,0.005623092059977353,0,True
1,2026-07-08T23:11:26+0200,Template-Reach-Kinova-F140-v0,256,0,30,300,,robot_dof_matrix,0,Template-Reach-Kinova-F140-v0,256,12,pve-robotik-humble,pve-robotik-humble,NVIDIA RTX A6000,49140,580.95.05,8.6,300.00,2100,Disabled,8.6,1,False,True,3.11.15,Linux-6.8.0-124-generic-x86_64-with-glibc2.35,2.7.0+cu128,12.8,90701,0.54.3,,2.1.0,1.2.1,bb75a45ca8ed15fbacb4bff61a38041b79d7a0c3,project/tendonbot-sim-rl,True,ok,7,35,4.046925670001656,0.10267995810136199,kinova,joint,0.016666666666666666,2,2,1,False,fp32,67108864,1048576,33554432,2097152,8388608,163840,67108864,300,56.355607036719015,14427.035401400068,17.744463285586487,16.676160506904125,18.053724989295006,314.81592298951,0.0014414787292480469,0.00390625,0.0017018318176269531,0.00390625,3.5291748046875,3.180980682373047,14.217308044433594,16.5,126.38625,129.61,50.791666666666664,1.0,3614.0,1800.0,82.0,654.3306237810189,8519.929997148683,True,0.006079102982766926,0,True
1,2026-07-08T23:11:44+0200,Template-Reach-Kinova-F140-v0,1024,0,30,300,,robot_dof_matrix,0,Template-Reach-Kinova-F140-v0,1024,13,pve-robotik-humble,pve-robotik-humble,NVIDIA RTX A6000,49140,580.95.05,8.6,300.00,2100,Disabled,8.6,1,False,True,3.11.15,Linux-6.8.0-124-generic-x86_64-with-glibc2.35,2.7.0+cu128,12.8,90701,0.54.3,,2.1.0,1.2.1,bb75a45ca8ed15fbacb4bff61a38041b79d7a0c3,project/tendonbot-sim-rl,True,ok,7,35,5.673590820049867,0.1988780830288306,kinova,joint,0.016666666666666666,2,2,1,False,fp32,67108864,1048576,33554432,2097152,8388608,163840,67108864,300,47.67791379433037,48822.1837253943,20.97407206854162,20.14407649403438,21.20301448740065,279.39378295559436,0.005733013153076172,0.009765625,0.006774425506591797,0.009765625,3.7362060546875,3.6438980102539062,14.733024597167969,17.6,145.52821428571428,149.43,50.92857142857143,8.107142857142858,3826.0,1845.0,82.0,887.7633342750537,2889.8546037599403,True,0.005706078954972327,0,True
1,2026-07-08T23:12:05+0200,Template-Reach-Kinova-F140-v0,4096,0,30,300,,robot_dof_matrix,0,Template-Reach-Kinova-F140-v0,4096,14,pve-robotik-humble,pve-robotik-humble,NVIDIA RTX A6000,49140,580.95.05,8.6,300.00,2100,Disabled,8.6,1,False,True,3.11.15,Linux-6.8.0-124-generic-x86_64-with-glibc2.35,2.7.0+cu128,12.8,90701,0.54.3,,2.1.0,1.2.1,bb75a45ca8ed15fbacb4bff61a38041b79d7a0c3,project/tendonbot-sim-rl,True,ok,7,35,14.641065464005806,0.5407612959388644,kinova,joint,0.016666666666666666,2,2,1,False,fp32,67108864,1048576,33554432,2097152,8388608,163840,67108864,300,40.182549794380186,164587.72395778124,24.886424707171198,23.924031003843993,25.29819335322827,289.57437502685934,0.02317953109741211,0.037109375,0.02874898910522461,0.037109375,4.6053466796875,5.244884490966797,16.335243225097656,20.9,186.31727272727272,194.41,65.9090909090909,36.09090909090909,4716.0,1845.0,84.0,1349.0147369228125,1097.8310033551534,True,0.005696789943613112,0,True
1,2026-07-08T23:12:39+0200,Template-Reach-Kinova-Frankenstein-v0,256,0,30,300,,robot_dof_matrix,0,Template-Reach-Kinova-Frankenstein-v0,256,15,pve-robotik-humble,pve-robotik-humble,NVIDIA RTX A6000,49140,580.95.05,8.6,300.00,2100,Disabled,8.6,1,False,True,3.11.15,Linux-6.8.0-124-generic-x86_64-with-glibc2.35,2.7.0+cu128,12.8,90701,0.54.3,,2.1.0,1.2.1,bb75a45ca8ed15fbacb4bff61a38041b79d7a0c3,project/tendonbot-sim-rl,True,ok,9,43,4.126886924961582,0.09640242205932736,kinova+wrist,joint,0.016666666666666666,2,2,1,False,fp32,67108864,1048576,33554432,2097152,8388608,163840,67108864,300,51.140446948609814,13091.954418844112,19.5539941409758,18.504881532862782,19.742429116740823,309.61624602787197,0.001678466796875,0.00390625,0.0019960403442382812,0.00390625,3.5291748046875,3.193775177001953,14.244010925292969,17.0,127.49115384615385,130.26,52.26923076923077,0.9615384615384616,3614.0,1800.0,82.0,720.318035010332,9379.141080863697,True,0.005539416102692485,0,True
1,2026-07-08T23:12:57+0200,Template-Reach-Kinova-Frankenstein-v0,1024,0,30,300,,robot_dof_matrix,0,Template-Reach-Kinova-Frankenstein-v0,1024,16,pve-robotik-humble,pve-robotik-humble,NVIDIA RTX A6000,49140,580.95.05,8.6,300.00,2100,Disabled,8.6,1,False,True,3.11.15,Linux-6.8.0-124-generic-x86_64-with-glibc2.35,2.7.0+cu128,12.8,90701,0.54.3,,2.1.0,1.2.1,bb75a45ca8ed15fbacb4bff61a38041b79d7a0c3,project/tendonbot-sim-rl,True,ok,9,43,6.4492565570399165,0.16590903396718204,kinova+wrist,joint,0.016666666666666666,2,2,1,False,fp32,67108864,1048576,33554432,2097152,8388608,163840,67108864,300,42.96561574557387,43996.790523467644,23.274424970926095,22.35471596941352,23.82207628688775,288.3805689634755,0.006679534912109375,0.029296875,0.0079498291015625,0.029296875,3.8240966796875,3.6869125366210938,14.751754760742188,18.0,147.70870967741936,152.22,54.96774193548387,9.258064516129032,3916.0,1845.0,82.0,1003.9493231890152,3268.0642030892423,True,0.006123834056779742,0,True
1,2026-07-08T23:13:20+0200,Template-Reach-Kinova-Frankenstein-v0,4096,0,30,300,,robot_dof_matrix,0,Template-Reach-Kinova-Frankenstein-v0,4096,17,pve-robotik-humble,pve-robotik-humble,NVIDIA RTX A6000,49140,580.95.05,8.6,300.00,2100,Disabled,8.6,1,False,True,3.11.15,Linux-6.8.0-124-generic-x86_64-with-glibc2.35,2.7.0+cu128,12.8,90701,0.54.3,,2.1.0,1.2.1,bb75a45ca8ed15fbacb4bff61a38041b79d7a0c3,project/tendonbot-sim-rl,True,ok,9,43,17.901324149919674,0.541148039046675,kinova+wrist,joint,0.016666666666666666,2,2,1,False,fp32,67108864,1048576,33554432,2097152,8388608,163840,67108864,300,35.708815090076335,146263.30660895267,28.004289626454312,27.00974204344675,28.50165569689125,292.11154801305383,0.027025222778320312,0.0390625,0.03216743469238281,0.0390625,4.7147216796875,5.542179107666016,16.651874542236328,20.7,190.20513513513515,198.41,68.89189189189189,38.891891891891895,4828.0,1845.0,84.0,1574.4000407224235,1281.2500331399929,True,0.005838572047650814,0,True
1,2026-07-08T23:13:57+0200,Template-Reach-Tensegrity-v0,256,0,30,300,,robot_dof_matrix,0,Template-Reach-Tensegrity-v0,256,18,pve-robotik-humble,pve-robotik-humble,NVIDIA RTX A6000,49140,580.95.05,8.6,300.00,2100,Disabled,8.6,1,False,True,3.11.15,Linux-6.8.0-124-generic-x86_64-with-glibc2.35,2.7.0+cu128,12.8,90701,0.54.3,,2.1.0,1.2.1,bb75a45ca8ed15fbacb4bff61a38041b79d7a0c3,project/tendonbot-sim-rl,True,ok,5,22,4.140626032021828,0.10130074399057776,tensegrity,joint,0.016666666666666666,2,2,1,False,fp32,67108864,1048576,33554432,2097152,8388608,163840,67108864,300,58.50432009279194,14977.105943754737,17.092754832701758,16.653228492941707,17.904187069507316,120.5114140175283,0.0013203620910644531,0.001953125,0.0016303062438964844,0.001953125,3.5096435546875,3.3105125427246094,14.33865737915039,16.7,125.57043478260869,128.24,45.43478260869565,0.9565217391304348,3594.0,1800.0,82.0,622.6309716852978,8107.174110485648,True,0.007318238960579038,0,True
1,2026-07-08T23:14:15+0200,Template-Reach-Tensegrity-v0,1024,0,30,300,,robot_dof_matrix,0,Template-Reach-Tensegrity-v0,1024,19,pve-robotik-humble,pve-robotik-humble,NVIDIA RTX A6000,49140,580.95.05,8.6,300.00,2100,Disabled,8.6,1,False,True,3.11.15,Linux-6.8.0-124-generic-x86_64-with-glibc2.35,2.7.0+cu128,12.8,90701,0.54.3,,2.1.0,1.2.1,bb75a45ca8ed15fbacb4bff61a38041b79d7a0c3,project/tendonbot-sim-rl,True,ok,5,22,6.627155437017791,0.10258976195473224,tensegrity,joint,0.016666666666666666,2,2,1,False,fp32,67108864,1048576,33554432,2097152,8388608,163840,67108864,300,49.232045139935764,50413.61422329422,20.31197357651157,19.875974976457655,20.756875484948978,122.64365598093718,0.005248069763183594,0.0078125,0.006474494934082031,0.0078125,3.7147216796875,3.8171539306640625,14.849857330322266,18.3,144.5611111111111,147.42,54.22222222222222,8.666666666666666,3804.0,1845.0,82.0,851.1073203545936,2770.531641779276,True,0.007125111063942313,0,True
1,2026-07-08T23:14:36+0200,Template-Reach-Tensegrity-v0,4096,0,30,300,,robot_dof_matrix,0,Template-Reach-Tensegrity-v0,4096,20,pve-robotik-humble,pve-robotik-humble,NVIDIA RTX A6000,49140,580.95.05,8.6,300.00,2100,Disabled,8.6,1,False,True,3.11.15,Linux-6.8.0-124-generic-x86_64-with-glibc2.35,2.7.0+cu128,12.8,90701,0.54.3,,2.1.0,1.2.1,bb75a45ca8ed15fbacb4bff61a38041b79d7a0c3,project/tendonbot-sim-rl,True,ok,5,22,18.74660514097195,0.10044743097387254,tensegrity,joint,0.016666666666666666,2,2,1,False,fp32,67108864,1048576,33554432,2097152,8388608,163840,67108864,300,40.85118284169474,167326.44491958164,24.479095351416618,23.96735001821071,25.245369400363415,130.12128102127463,0.021238327026367188,0.03515625,0.026807785034179688,0.03515625,4.5819091796875,5.700126647949219,16.777969360351562,21.5,180.0578787878788,184.41,62.42424242424242,33.878787878787875,4692.0,1845.0,83.0,1307.5797105760475,1064.1110925911844,True,0.009434447041712701,0,True
1,2026-07-08T23:15:13+0200,Template-Reach-Tensegrity-Tendon-v0,256,0,30,300,,robot_dof_matrix,0,Template-Reach-Tensegrity-Tendon-v0,256,21,pve-robotik-humble,pve-robotik-humble,NVIDIA RTX A6000,49140,580.95.05,8.6,300.00,2100,Disabled,8.6,1,False,True,3.11.15,Linux-6.8.0-124-generic-x86_64-with-glibc2.35,2.7.0+cu128,12.8,90701,0.54.3,,2.1.0,1.2.1,bb75a45ca8ed15fbacb4bff61a38041b79d7a0c3,project/tendonbot-sim-rl,True,ok,7,24,3.984107911004685,0.10520539490971714,tensegrity+tendon,joint,0.016666666666666666,2,2,1,False,fp32,67108864,1048576,33554432,2097152,8388608,163840,67108864,300,57.3972045392794,14693.684362055526,17.422451285334926,16.99893648037687,17.899702000431716,123.2710350304842,0.00926971435546875,0.021484375,0.009579658508300781,0.021484375,3.5389404296875,3.384918212890625,14.407962799072266,16.2,125.33166666666666,128.07,46.625,1.0,3624.0,1800.0,81.0,652.2241811641695,8492.502358908458,True,0.00974775303620845,0,True
1,2026-07-08T23:15:31+0200,Template-Reach-Tensegrity-Tendon-v0,1024,0,30,300,,robot_dof_matrix,0,Template-Reach-Tensegrity-Tendon-v0,1024,22,pve-robotik-humble,pve-robotik-humble,NVIDIA RTX A6000,49140,580.95.05,8.6,300.00,2100,Disabled,8.6,1,False,True,3.11.15,Linux-6.8.0-124-generic-x86_64-with-glibc2.35,2.7.0+cu128,12.8,90701,0.54.3,,2.1.0,1.2.1,bb75a45ca8ed15fbacb4bff61a38041b79d7a0c3,project/tendonbot-sim-rl,True,ok,7,24,6.53467854403425,0.11899002199061215,tensegrity+tendon,joint,0.016666666666666666,2,2,1,False,fp32,67108864,1048576,33554432,2097152,8388608,163840,67108864,300,47.87172681620003,49020.64825978883,20.889156638101365,20.306416496168822,21.826811629580334,134.79707902297378,0.013240337371826172,0.02734375,0.01446676254272461,0.02734375,3.7440185546875,3.8928298950195312,14.916683197021484,18.2,143.36142857142858,147.03,53.32142857142857,8.535714285714286,3834.0,1800.0,82.0,875.3826856157019,2849.553013071946,True,0.007543092011474073,0,True
1,2026-07-08T23:15:53+0200,Template-Reach-Tensegrity-Tendon-v0,4096,0,30,300,,robot_dof_matrix,0,Template-Reach-Tensegrity-Tendon-v0,4096,23,pve-robotik-humble,pve-robotik-humble,NVIDIA RTX A6000,49140,580.95.05,8.6,300.00,2100,Disabled,8.6,1,False,True,3.11.15,Linux-6.8.0-124-generic-x86_64-with-glibc2.35,2.7.0+cu128,12.8,90701,0.54.3,,2.1.0,1.2.1,bb75a45ca8ed15fbacb4bff61a38041b79d7a0c3,project/tendonbot-sim-rl,True,ok,7,24,18.244854249991477,0.1185544750187546,tensegrity+tendon,joint,0.016666666666666666,2,2,1,False,fp32,67108864,1048576,33554432,2097152,8388608,163840,67108864,300,40.135988242713,164397.00784215244,24.915295319321253,24.5429509668611,25.63090054318309,130.69579598959535,0.02940225601196289,0.0546875,0.034632205963134766,0.0546875,4.6092529296875,5.780792236328125,16.891754150390625,21.5,178.10333333333332,182.36,62.666666666666664,33.90909090909091,4720.0,1845.0,83.0,1296.6671541368771,1055.2304314264952,True,0.007727548014372587,0,True
1,2026-07-08T23:16:30+0200,Template-Reach-UR5e-F140-v0,256,1,30,300,,robot_dof_matrix,1,Template-Reach-UR5e-F140-v0,256,24,pve-robotik-humble,pve-robotik-humble,NVIDIA RTX A6000,49140,580.95.05,8.6,300.00,2100,Disabled,8.6,1,False,True,3.11.15,Linux-6.8.0-124-generic-x86_64-with-glibc2.35,2.7.0+cu128,12.8,90701,0.54.3,,2.1.0,1.2.1,bb75a45ca8ed15fbacb4bff61a38041b79d7a0c3,project/tendonbot-sim-rl,True,ok,6,31,3.429637097986415,0.05504991498310119,ur5e,joint,0.016666666666666666,2,2,1,False,fp32,67108864,1048576,33554432,2097152,8388608,163840,67108864,300,61.26549972196682,15683.967928823506,16.322400119776525,15.280654013622552,16.453289048513398,298.6836120253429,0.0013165473937988281,0.001953125,0.0015482902526855469,0.001953125,3.5233154296875,3.2155685424804688,14.307071685791016,16.1,124.56090909090909,128.05,43.86363636363637,0.9090909090909091,3608.0,1800.0,81.0,590.7405851951369,7691.934703061678,True,0.005219833925366402,0,True
1,2026-07-08T23:16:46+0200,Template-Reach-UR5e-F140-v0,1024,1,30,300,,robot_dof_matrix,1,Template-Reach-UR5e-F140-v0,1024,25,pve-robotik-humble,pve-robotik-humble,NVIDIA RTX A6000,49140,580.95.05,8.6,300.00,2100,Disabled,8.6,1,False,True,3.11.15,Linux-6.8.0-124-generic-x86_64-with-glibc2.35,2.7.0+cu128,12.8,90701,0.54.3,,2.1.0,1.2.1,bb75a45ca8ed15fbacb4bff61a38041b79d7a0c3,project/tendonbot-sim-rl,True,ok,6,31,5.567733586067334,0.06712047196924686,ur5e,joint,0.016666666666666666,2,2,1,False,fp32,67108864,1048576,33554432,2097152,8388608,163840,67108864,300,51.7282734933604,52969.75205720105,19.331787675619125,18.404953472781926,19.28865392692387,288.75884402077645,0.005236148834228516,0.0078125,0.006163120269775391,0.0078125,3.7303466796875,3.664806365966797,14.739913940429688,17.7,144.2573076923077,148.85,53.57692307692308,8.384615384615385,3820.0,1800.0,82.0,817.5153247491701,2661.1826977512046,True,0.004963801940903068,0,True
1,2026-07-08T23:17:07+0200,Template-Reach-UR5e-F140-v0,4096,1,30,300,,robot_dof_matrix,1,Template-Reach-UR5e-F140-v0,4096,26,pve-robotik-humble,pve-robotik-humble,NVIDIA RTX A6000,49140,580.95.05,8.6,300.00,2100,Disabled,8.6,1,False,True,3.11.15,Linux-6.8.0-124-generic-x86_64-with-glibc2.35,2.7.0+cu128,12.8,90701,0.54.3,,2.1.0,1.2.1,bb75a45ca8ed15fbacb4bff61a38041b79d7a0c3,project/tendonbot-sim-rl,True,ok,6,31,16.23476106696762,0.06638840097002685,ur5e,joint,0.016666666666666666,2,2,1,False,fp32,67108864,1048576,33554432,2097152,8388608,163840,67108864,300,43.65816453163557,178823.8419215793,22.905223129006725,21.891485957894474,23.038515908410773,285.16095399390906,0.021164417266845703,0.037109375,0.024872303009033203,0.037109375,4.5858154296875,5.422641754150391,16.502159118652344,20.5,184.77032258064517,192.53,62.67741935483871,34.45161290322581,4696.0,1845.0,83.0,1259.254977011521,1024.7843237398445,True,0.005172253935597837,0,True
1,2026-07-08T23:17:40+0200,Template-Reach-UR5e-Frankenstein-v0,256,1,30,300,,robot_dof_matrix,1,Template-Reach-UR5e-Frankenstein-v0,256,27,pve-robotik-humble,pve-robotik-humble,NVIDIA RTX A6000,49140,580.95.05,8.6,300.00,2100,Disabled,8.6,1,False,True,3.11.15,Linux-6.8.0-124-generic-x86_64-with-glibc2.35,2.7.0+cu128,12.8,90701,0.54.3,,2.1.0,1.2.1,bb75a45ca8ed15fbacb4bff61a38041b79d7a0c3,project/tendonbot-sim-rl,True,ok,8,39,3.311359058949165,0.05593859602231532,ur5e+wrist,joint,0.016666666666666666,2,2,1,False,fp32,67108864,1048576,33554432,2097152,8388608,163840,67108864,300,55.79576074092432,14283.714749676627,17.922508569123845,16.878533933777362,17.88373035378754,306.85109191108495,0.0015535354614257812,0.00390625,0.001842498779296875,0.00390625,3.5291748046875,3.213226318359375,14.253376007080078,16.0,126.20625,129.12,33.125,0.625,3614.0,1845.0,81.0,654.761647627454,8525.542286815806,True,0.005373999010771513,0,True
1,2026-07-08T23:17:57+0200,Template-Reach-UR5e-Frankenstein-v0,1024,1,30,300,,robot_dof_matrix,1,Template-Reach-UR5e-Frankenstein-v0,1024,28,pve-robotik-humble,pve-robotik-humble,NVIDIA RTX A6000,49140,580.95.05,8.6,300.00,2100,Disabled,8.6,1,False,True,3.11.15,Linux-6.8.0-124-generic-x86_64-with-glibc2.35,2.7.0+cu128,12.8,90701,0.54.3,,2.1.0,1.2.1,bb75a45ca8ed15fbacb4bff61a38041b79d7a0c3,project/tendonbot-sim-rl,True,ok,8,39,5.581408318947069,0.057321627042256296,ur5e+wrist,joint,0.016666666666666666,2,2,1,False,fp32,67108864,1048576,33554432,2097152,8388608,163840,67108864,300,46.97715438922565,48104.60609456707,21.286942834267393,20.409057440701872,21.34990258491598,284.46998191066086,0.006182670593261719,0.02734375,0.007338523864746094,0.02734375,3.8201904296875,3.7241363525390625,14.808761596679688,18.1,147.79793103448276,152.05,58.62068965517241,9.655172413793103,3912.0,1800.0,82.0,940.3206938365391,3060.939758582484,True,0.00534366094507277,0,True
1,2026-07-08T23:18:18+0200,Template-Reach-UR5e-Frankenstein-v0,4096,1,30,300,,robot_dof_matrix,1,Template-Reach-UR5e-Frankenstein-v0,4096,29,pve-robotik-humble,pve-robotik-humble,NVIDIA RTX A6000,49140,580.95.05,8.6,300.00,2100,Disabled,8.6,1,False,True,3.11.15,Linux-6.8.0-124-generic-x86_64-with-glibc2.35,2.7.0+cu128,12.8,90701,0.54.3,,2.1.0,1.2.1,bb75a45ca8ed15fbacb4bff61a38041b79d7a0c3,project/tendonbot-sim-rl,True,ok,8,39,17.124348630895838,0.07121917803306133,ur5e+wrist,joint,0.016666666666666666,2,2,1,False,fp32,67108864,1048576,33554432,2097152,8388608,163840,67108864,300,37.88406249129873,155173.1199643596,26.396324317902327,25.242767995223403,26.8407617113553,318.861904903315,0.025010108947753906,0.037109375,0.030549049377441406,0.037109375,4.6893310546875,5.7307586669921875,16.818374633789062,21.0,189.06542857142858,195.8,62.77142857142857,35.42857142857143,4802.0,1845.0,84.0,1467.6864217280215,1194.4062676823091,True,0.0058440950233489275,0,True
1,2026-07-08T23:18:54+0200,Template-Reach-UR10-F140-v0,256,1,30,300,,robot_dof_matrix,1,Template-Reach-UR10-F140-v0,256,30,pve-robotik-humble,pve-robotik-humble,NVIDIA RTX A6000,49140,580.95.05,8.6,300.00,2100,Disabled,8.6,1,False,True,3.11.15,Linux-6.8.0-124-generic-x86_64-with-glibc2.35,2.7.0+cu128,12.8,90701,0.54.3,,2.1.0,1.2.1,bb75a45ca8ed15fbacb4bff61a38041b79d7a0c3,project/tendonbot-sim-rl,True,ok,6,31,3.471831699949689,0.06281607900746167,ur10,joint,0.016666666666666666,2,2,1,False,fp32,67108864,1048576,33554432,2097152,8388608,163840,67108864,300,59.89631107194751,15333.455634418562,16.695519007820014,15.63969353446737,16.767608642112464,304.2054990073666,0.0013480186462402344,0.001953125,0.0015940666198730469,0.001953125,3.5233154296875,3.1869049072265625,14.216072082519531,16.2,125.50391304347826,128.93,31.956521739130434,0.6521739130434783,3608.0,1800.0,82.0,623.9402607612373,8124.222145328611,True,0.005821913946419954,0,True
1,2026-07-08T23:19:11+0200,Template-Reach-UR10-F140-v0,1024,1,30,300,,robot_dof_matrix,1,Template-Reach-UR10-F140-v0,1024,31,pve-robotik-humble,pve-robotik-humble,NVIDIA RTX A6000,49140,580.95.05,8.6,300.00,2100,Disabled,8.6,1,False,True,3.11.15,Linux-6.8.0-124-generic-x86_64-with-glibc2.35,2.7.0+cu128,12.8,90701,0.54.3,,2.1.0,1.2.1,bb75a45ca8ed15fbacb4bff61a38041b79d7a0c3,project/tendonbot-sim-rl,True,ok,6,31,5.255766638088971,0.05897350190207362,ur10,joint,0.016666666666666666,2,2,1,False,fp32,67108864,1048576,33554432,2097152,8388608,163840,67108864,300,51.26947718233255,52499.94463470853,19.50478247405651,18.53303803363815,19.40655081998557,285.7338939793408,0.005362033843994141,0.0078125,0.006346225738525391,0.0078125,3.7303466796875,3.6589431762695312,14.686439514160156,17.9,145.07384615384615,149.6,55.96153846153846,9.076923076923077,3820.0,1800.0,82.0,821.1686916942862,2673.0751682756713,True,0.00498238205909729,0,True
1,2026-07-08T23:19:31+0200,Template-Reach-UR10-F140-v0,4096,1,30,300,,robot_dof_matrix,1,Template-Reach-UR10-F140-v0,4096,32,pve-robotik-humble,pve-robotik-humble,NVIDIA RTX A6000,49140,580.95.05,8.6,300.00,2100,Disabled,8.6,1,False,True,3.11.15,Linux-6.8.0-124-generic-x86_64-with-glibc2.35,2.7.0+cu128,12.8,90701,0.54.3,,2.1.0,1.2.1,bb75a45ca8ed15fbacb4bff61a38041b79d7a0c3,project/tendonbot-sim-rl,True,ok,6,31,14.23372523591388,0.06713033700361848,ur10,joint,0.016666666666666666,2,2,1,False,fp32,67108864,1048576,33554432,2097152,8388608,163840,67108864,300,42.25424409088808,173073.38379627757,23.66626173335438,22.672537073958665,23.7286964955274,304.74219494499266,0.021683216094970703,0.03515625,0.025619983673095703,0.03515625,4.5936279296875,5.386405944824219,16.41695785522461,21.0,183.418125,190.79,65.625,36.1875,4704.0,1845.0,84.0,1297.2362928151863,1055.6935976686088,True,0.005764432018622756,0,True
1,2026-07-08T23:20:04+0200,Template-Reach-UR10-Frankenstein-v0,256,1,30,300,,robot_dof_matrix,1,Template-Reach-UR10-Frankenstein-v0,256,33,pve-robotik-humble,pve-robotik-humble,NVIDIA RTX A6000,49140,580.95.05,8.6,300.00,2100,Disabled,8.6,1,False,True,3.11.15,Linux-6.8.0-124-generic-x86_64-with-glibc2.35,2.7.0+cu128,12.8,90701,0.54.3,,2.1.0,1.2.1,bb75a45ca8ed15fbacb4bff61a38041b79d7a0c3,project/tendonbot-sim-rl,True,ok,8,39,3.5164766400121152,0.054558212985284626,ur10+wrist,joint,0.016666666666666666,2,2,1,False,fp32,67108864,1048576,33554432,2097152,8388608,163840,67108864,300,55.2115152001819,14134.147891246566,18.112163674086332,17.100422526709735,18.34341408102773,283.6224930360913,0.0015850067138671875,0.00390625,0.001888275146484375,0.00390625,3.5291748046875,3.2243309020996094,14.280143737792969,16.4,127.16,129.83,54.52,1.0,3614.0,1845.0,82.0,688.9706689245068,8970.97225162118,True,0.005477027036249638,0,True
1,2026-07-08T23:20:21+0200,Template-Reach-UR10-Frankenstein-v0,1024,1,30,300,,robot_dof_matrix,1,Template-Reach-UR10-Frankenstein-v0,1024,34,pve-robotik-humble,pve-robotik-humble,NVIDIA RTX A6000,49140,580.95.05,8.6,300.00,2100,Disabled,8.6,1,False,True,3.11.15,Linux-6.8.0-124-generic-x86_64-with-glibc2.35,2.7.0+cu128,12.8,90701,0.54.3,,2.1.0,1.2.1,bb75a45ca8ed15fbacb4bff61a38041b79d7a0c3,project/tendonbot-sim-rl,True,ok,8,39,6.161176787922159,0.057331674033775926,ur10+wrist,joint,0.016666666666666666,2,2,1,False,fp32,67108864,1048576,33554432,2097152,8388608,163840,67108864,300,46.08527006392939,47191.3165454637,21.698907234628376,20.56223707040772,21.699983475264162,313.8254400109872,0.006308555603027344,0.02734375,0.007521629333496094,0.02734375,3.8201904296875,3.7404136657714844,14.82247543334961,17.9,148.02275862068964,152.43,46.62068965517241,7.9655172413793105,3912.0,1845.0,82.0,941.6879965006933,3065.3906136090277,True,0.005910636973567307,0,True
1,2026-07-08T23:20:42+0200,Template-Reach-UR10-Frankenstein-v0,4096,1,30,300,,robot_dof_matrix,1,Template-Reach-UR10-Frankenstein-v0,4096,35,pve-robotik-humble,pve-robotik-humble,NVIDIA RTX A6000,49140,580.95.05,8.6,300.00,2100,Disabled,8.6,1,False,True,3.11.15,Linux-6.8.0-124-generic-x86_64-with-glibc2.35,2.7.0+cu128,12.8,90701,0.54.3,,2.1.0,1.2.1,bb75a45ca8ed15fbacb4bff61a38041b79d7a0c3,project/tendonbot-sim-rl,True,ok,8,39,15.619516573031433,0.06927350594196469,ur10+wrist,joint,0.016666666666666666,2,2,1,False,fp32,67108864,1048576,33554432,2097152,8388608,163840,67108864,300,37.60637306293414,154035.70406577823,26.591237563018996,25.579599488992244,26.620495598763227,294.2920799832791,0.025528907775878906,0.0390625,0.031327247619628906,0.0390625,4.7615966796875,5.802585601806641,16.986392974853516,21.1,189.72657142857145,195.35,66.77142857142857,37.97142857142857,4876.0,1845.0,84.0,1483.3072954797035,1207.118567284915,True,0.005745571106672287,0,True
1,2026-07-08T23:21:17+0200,Template-Reach-Kinova-F140-v0,256,1,30,300,,robot_dof_matrix,1,Template-Reach-Kinova-F140-v0,256,36,pve-robotik-humble,pve-robotik-humble,NVIDIA RTX A6000,49140,580.95.05,8.6,300.00,2100,Disabled,8.6,1,False,True,3.11.15,Linux-6.8.0-124-generic-x86_64-with-glibc2.35,2.7.0+cu128,12.8,90701,0.54.3,,2.1.0,1.2.1,bb75a45ca8ed15fbacb4bff61a38041b79d7a0c3,project/tendonbot-sim-rl,True,ok,7,35,3.7504212689818814,0.08230681903660297,kinova,joint,0.016666666666666666,2,2,1,False,fp32,67108864,1048576,33554432,2097152,8388608,163840,67108864,300,57.28395858041775,14664.693396586945,17.456894125013303,16.445844958070666,17.248531832592562,302.67725500743836,0.0014414787292480469,0.00390625,0.0017018318176269531,0.00390625,3.5291748046875,3.1844635009765625,14.232364654541016,16.2,126.97874999999999,130.19,41.083333333333336,0.7916666666666666,3614.0,1800.0,82.0,656.1539543589845,8543.671280715944,True,0.005629335064440966,0,True
1,2026-07-08T23:21:34+0200,Template-Reach-Kinova-F140-v0,1024,1,30,300,,robot_dof_matrix,1,Template-Reach-Kinova-F140-v0,1024,37,pve-robotik-humble,pve-robotik-humble,NVIDIA RTX A6000,49140,580.95.05,8.6,300.00,2100,Disabled,8.6,1,False,True,3.11.15,Linux-6.8.0-124-generic-x86_64-with-glibc2.35,2.7.0+cu128,12.8,90701,0.54.3,,2.1.0,1.2.1,bb75a45ca8ed15fbacb4bff61a38041b79d7a0c3,project/tendonbot-sim-rl,True,ok,7,35,5.613448874908499,0.17415878700558096,kinova,joint,0.016666666666666666,2,2,1,False,fp32,67108864,1048576,33554432,2097152,8388608,163840,67108864,300,48.351165329917265,49511.59329783528,20.682024790439755,19.668292021378875,20.737795595778152,290.4563680058345,0.005733013153076172,0.009765625,0.006774425506591797,0.009765625,3.7362060546875,3.6262664794921875,14.625877380371094,17.9,146.84714285714287,150.97,57.92857142857143,9.178571428571429,3826.0,1845.0,82.0,901.2842267996579,2933.8679257801364,True,0.005701979040168226,0,True
1,2026-07-08T23:21:54+0200,Template-Reach-Kinova-F140-v0,4096,1,30,300,,robot_dof_matrix,1,Template-Reach-Kinova-F140-v0,4096,38,pve-robotik-humble,pve-robotik-humble,NVIDIA RTX A6000,49140,580.95.05,8.6,300.00,2100,Disabled,8.6,1,False,True,3.11.15,Linux-6.8.0-124-generic-x86_64-with-glibc2.35,2.7.0+cu128,12.8,90701,0.54.3,,2.1.0,1.2.1,bb75a45ca8ed15fbacb4bff61a38041b79d7a0c3,project/tendonbot-sim-rl,True,ok,7,35,13.921838872949593,0.5026555510703474,kinova,joint,0.016666666666666666,2,2,1,False,fp32,67108864,1048576,33554432,2097152,8388608,163840,67108864,300,40.1753425308566,164558.20300638862,24.890889212256297,23.83880951674655,25.065080617787316,294.42063404712826,0.02317953109741211,0.037109375,0.02874898910522461,0.037109375,4.6053466796875,5.243457794189453,16.278297424316406,20.6,187.39969696969695,194.26,66.48484848484848,36.696969696969695,4716.0,1845.0,84.0,1363.1988146070337,1109.3740353247345,True,0.005597786046564579,0,True
1,2026-07-08T23:22:26+0200,Template-Reach-Kinova-Frankenstein-v0,256,1,30,300,,robot_dof_matrix,1,Template-Reach-Kinova-Frankenstein-v0,256,39,pve-robotik-humble,pve-robotik-humble,NVIDIA RTX A6000,49140,580.95.05,8.6,300.00,2100,Disabled,8.6,1,False,True,3.11.15,Linux-6.8.0-124-generic-x86_64-with-glibc2.35,2.7.0+cu128,12.8,90701,0.54.3,,2.1.0,1.2.1,bb75a45ca8ed15fbacb4bff61a38041b79d7a0c3,project/tendonbot-sim-rl,True,ok,9,43,3.9252534130355343,0.09668185596819967,kinova+wrist,joint,0.016666666666666666,2,2,1,False,fp32,67108864,1048576,33554432,2097152,8388608,163840,67108864,300,51.42010787023134,13163.547614779223,19.447644927616544,18.458869017194957,19.308885629288852,290.0740569457412,0.001678466796875,0.00390625,0.0019960403442382812,0.00390625,3.5291748046875,3.198883056640625,14.281082153320312,16.6,128.2896153846154,131.26,53.57692307692308,1.0,3614.0,1800.0,82.0,724.0167313958278,9427.30119004984,True,0.006357760983519256,0,True
1,2026-07-08T23:22:44+0200,Template-Reach-Kinova-Frankenstein-v0,1024,1,30,300,,robot_dof_matrix,1,Template-Reach-Kinova-Frankenstein-v0,1024,40,pve-robotik-humble,pve-robotik-humble,NVIDIA RTX A6000,49140,580.95.05,8.6,300.00,2100,Disabled,8.6,1,False,True,3.11.15,Linux-6.8.0-124-generic-x86_64-with-glibc2.35,2.7.0+cu128,12.8,90701,0.54.3,,2.1.0,1.2.1,bb75a45ca8ed15fbacb4bff61a38041b79d7a0c3,project/tendonbot-sim-rl,True,ok,9,43,5.960823773988523,0.17239079694263637,kinova+wrist,joint,0.016666666666666666,2,2,1,False,fp32,67108864,1048576,33554432,2097152,8388608,163840,67108864,300,43.734442614529534,44784.06923727824,22.8652736886094,21.821071510203183,23.130033124471083,291.9060420244932,0.006679534912109375,0.029296875,0.0079498291015625,0.029296875,3.8240966796875,3.684551239013672,14.722946166992188,18.3,149.61161290322582,153.43,60.70967741935484,10.129032258064516,3916.0,1845.0,82.0,1015.6733249708248,3306.2282713894037,True,0.005954920081421733,0,True
1,2026-07-08T23:23:06+0200,Template-Reach-Kinova-Frankenstein-v0,4096,1,30,300,,robot_dof_matrix,1,Template-Reach-Kinova-Frankenstein-v0,4096,41,pve-robotik-humble,pve-robotik-humble,NVIDIA RTX A6000,49140,580.95.05,8.6,300.00,2100,Disabled,8.6,1,False,True,3.11.15,Linux-6.8.0-124-generic-x86_64-with-glibc2.35,2.7.0+cu128,12.8,90701,0.54.3,,2.1.0,1.2.1,bb75a45ca8ed15fbacb4bff61a38041b79d7a0c3,project/tendonbot-sim-rl,True,ok,9,43,16.135432142065838,0.5083148839185014,kinova+wrist,joint,0.016666666666666666,2,2,1,False,fp32,67108864,1048576,33554432,2097152,8388608,163840,67108864,300,35.87578180801446,146947.20228562722,27.873957015108317,26.80620801402256,28.167107177432626,300.9892540285364,0.027025222778320312,0.0390625,0.03216743469238281,0.0390625,4.7147216796875,5.539543151855469,16.587989807128906,21.2,192.21,199.03,55.13513513513514,31.10810810810811,4828.0,1845.0,84.0,1583.706609857966,1288.8237384911833,True,0.005983237992040813,0,True
1,2026-07-08T23:23:41+0200,Template-Reach-Tensegrity-v0,256,1,30,300,,robot_dof_matrix,1,Template-Reach-Tensegrity-v0,256,42,pve-robotik-humble,pve-robotik-humble,NVIDIA RTX A6000,49140,580.95.05,8.6,300.00,2100,Disabled,8.6,1,False,True,3.11.15,Linux-6.8.0-124-generic-x86_64-with-glibc2.35,2.7.0+cu128,12.8,90701,0.54.3,,2.1.0,1.2.1,bb75a45ca8ed15fbacb4bff61a38041b79d7a0c3,project/tendonbot-sim-rl,True,ok,5,22,4.784147990983911,0.10073112102691084,tensegrity,joint,0.016666666666666666,2,2,1,False,fp32,67108864,1048576,33554432,2097152,8388608,163840,67108864,300,57.559483883899645,14735.22787427831,17.373331595833104,16.80269796634093,18.653948698192835,121.34000402875245,0.0013203620910644531,0.001953125,0.0016303062438964844,0.001953125,3.5096435546875,3.2991065979003906,14.310016632080078,15.8,126.51708333333333,129.11,46.708333333333336,1.0,3594.0,1845.0,82.0,654.6755668754756,8524.421443691088,True,0.0074762830045074224,0,True
1,2026-07-08T23:23:59+0200,Template-Reach-Tensegrity-v0,1024,1,30,300,,robot_dof_matrix,1,Template-Reach-Tensegrity-v0,1024,43,pve-robotik-humble,pve-robotik-humble,NVIDIA RTX A6000,49140,580.95.05,8.6,300.00,2100,Disabled,8.6,1,False,True,3.11.15,Linux-6.8.0-124-generic-x86_64-with-glibc2.35,2.7.0+cu128,12.8,90701,0.54.3,,2.1.0,1.2.1,bb75a45ca8ed15fbacb4bff61a38041b79d7a0c3,project/tendonbot-sim-rl,True,ok,5,22,6.261107946047559,0.09871067793574184,tensegrity,joint,0.016666666666666666,2,2,1,False,fp32,67108864,1048576,33554432,2097152,8388608,163840,67108864,300,48.377277688418765,49538.332352940815,20.670861358521506,20.096672989893705,21.979225613176823,128.22339998092502,0.005248069763183594,0.0078125,0.006474494934082031,0.0078125,3.7147216796875,3.817394256591797,14.841751098632812,18.3,144.8567857142857,147.96,54.642857142857146,8.714285714285714,3804.0,1845.0,82.0,884.5582872609092,2879.421508010772,True,0.009165295050479472,0,True
1,2026-07-08T23:24:20+0200,Template-Reach-Tensegrity-v0,4096,1,30,300,,robot_dof_matrix,1,Template-Reach-Tensegrity-v0,4096,44,pve-robotik-humble,pve-robotik-humble,NVIDIA RTX A6000,49140,580.95.05,8.6,300.00,2100,Disabled,8.6,1,False,True,3.11.15,Linux-6.8.0-124-generic-x86_64-with-glibc2.35,2.7.0+cu128,12.8,90701,0.54.3,,2.1.0,1.2.1,bb75a45ca8ed15fbacb4bff61a38041b79d7a0c3,project/tendonbot-sim-rl,True,ok,5,22,16.250990169937722,0.10550348996184766,tensegrity,joint,0.016666666666666666,2,2,1,False,fp32,67108864,1048576,33554432,2097152,8388608,163840,67108864,300,40.85389320313168,167337.54656002737,24.47747133982678,24.01667059166357,25.011417362838984,134.2924339696765,0.021238327026367188,0.03515625,0.026807785034179688,0.03515625,4.5819091796875,5.677707672119141,16.798873901367188,21.5,179.96424242424243,185.44,61.63636363636363,33.21212121212121,4692.0,1845.0,83.0,1310.3340251724542,1066.3525595478957,True,0.007573219016194344,0,True
1,2026-07-08T23:24:54+0200,Template-Reach-Tensegrity-Tendon-v0,256,1,30,300,,robot_dof_matrix,1,Template-Reach-Tensegrity-Tendon-v0,256,45,pve-robotik-humble,pve-robotik-humble,NVIDIA RTX A6000,49140,580.95.05,8.6,300.00,2100,Disabled,8.6,1,False,True,3.11.15,Linux-6.8.0-124-generic-x86_64-with-glibc2.35,2.7.0+cu128,12.8,90701,0.54.3,,2.1.0,1.2.1,bb75a45ca8ed15fbacb4bff61a38041b79d7a0c3,project/tendonbot-sim-rl,True,ok,7,24,3.887028345023282,0.10382798197679222,tensegrity+tendon,joint,0.016666666666666666,2,2,1,False,fp32,67108864,1048576,33554432,2097152,8388608,163840,67108864,300,57.601979661456916,14746.10679333297,17.360514445463195,16.943649505265057,17.86523634218611,123.05536097846925,0.00926971435546875,0.021484375,0.009579658508300781,0.021484375,3.5389404296875,3.3710289001464844,14.36428451538086,16.2,126.33041666666666,128.75,42.75,0.9166666666666666,3624.0,1845.0,81.0,652.5029807637699,8496.132562028253,True,0.007359433104284108,0,True
1,2026-07-08T23:25:11+0200,Template-Reach-Tensegrity-Tendon-v0,1024,1,30,300,,robot_dof_matrix,1,Template-Reach-Tensegrity-Tendon-v0,1024,46,pve-robotik-humble,pve-robotik-humble,NVIDIA RTX A6000,49140,580.95.05,8.6,300.00,2100,Disabled,8.6,1,False,True,3.11.15,Linux-6.8.0-124-generic-x86_64-with-glibc2.35,2.7.0+cu128,12.8,90701,0.54.3,,2.1.0,1.2.1,bb75a45ca8ed15fbacb4bff61a38041b79d7a0c3,project/tendonbot-sim-rl,True,ok,7,24,6.1501789699541405,0.12001642002724111,tensegrity+tendon,joint,0.016666666666666666,2,2,1,False,fp32,67108864,1048576,33554432,2097152,8388608,163840,67108864,300,48.731982146836934,49901.54971836102,20.520404792623594,20.08908399147913,21.04012023191899,124.42581192590296,0.013240337371826172,0.02734375,0.01446676254272461,0.02734375,3.7440185546875,3.8783645629882812,14.839820861816406,18.4,144.815,148.18,53.25,8.142857142857142,3834.0,1800.0,82.0,882.8823407044302,2873.965952813901,True,0.008238343987613916,0,True
1,2026-07-08T23:25:33+0200,Template-Reach-Tensegrity-Tendon-v0,4096,1,30,300,,robot_dof_matrix,1,Template-Reach-Tensegrity-Tendon-v0,4096,47,pve-robotik-humble,pve-robotik-humble,NVIDIA RTX A6000,49140,580.95.05,8.6,300.00,2100,Disabled,8.6,1,False,True,3.11.15,Linux-6.8.0-124-generic-x86_64-with-glibc2.35,2.7.0+cu128,12.8,90701,0.54.3,,2.1.0,1.2.1,bb75a45ca8ed15fbacb4bff61a38041b79d7a0c3,project/tendonbot-sim-rl,True,ok,7,24,16.355628020013683,0.10396435100119561,tensegrity+tendon,joint,0.016666666666666666,2,2,1,False,fp32,67108864,1048576,33554432,2097152,8388608,163840,67108864,300,40.470129883088916,165765.6520011322,24.709582175516214,24.20067897764966,25.3847821673844,128.4805960021913,0.02940225601196289,0.0546875,0.034632205963134766,0.0546875,4.6092529296875,5.7751922607421875,16.932044982910156,21.7,180.0112121212121,183.97,62.515151515151516,33.696969696969695,4720.0,1845.0,83.0,1311.6634885822832,1067.4344796405298,True,0.008040664019063115,0,True
