schema_version,timestamp,task,num_envs,seed,warmup_steps,bench_steps,cloth_cfg_ref,meta.spec,meta.repeat,meta.axis_task,meta.axis_num_envs,meta.point_index,env.machine,env.hostname,env.gpu_name,env.gpu_mem_total_mb,env.driver_version,env.compute_cap,env.power_limit_w,env.sm_clock_max_mhz,env.ecc_mode,env.torch_cuda_capability,env.cuda_device_count,env.tf32_matmul,env.tf32_cudnn,env.python,env.platform,env.torch,env.cuda_runtime,env.cudnn,env.isaaclab,env.isaacsim,env.skrl,env.gymnasium,env.git_commit,env.git_branch,env.git_dirty,env.slurm,status,action_dim,obs_dim,construct_s,first_reset_s,cfg.robot,cfg.action_space,cfg.dt,cfg.decimation,cfg.render_interval,cfg.solver_type,cfg.enhanced_determinism,cfg.precision,cfg.physx.gpu_collision_stack_size,cfg.physx.gpu_max_particle_contacts,cfg.physx.gpu_found_lost_aggregate_pairs_capacity,cfg.physx.gpu_total_aggregate_pairs_capacity,cfg.physx.gpu_max_rigid_contact_count,cfg.physx.gpu_max_rigid_patch_count,cfg.physx.gpu_heap_capacity,n_steps,steps_per_s,env_steps_per_s,step_ms_mean,step_ms_p50,step_ms_p95,step_ms_max,cuda_alloc_gb,cuda_reserved_gb,cuda_max_alloc_gb,cuda_max_reserved_gb,driver_used_gb,host_rss_gb,host_ram_used_gb,host_cpu_pct,gpu_power_w_mean,gpu_power_w_max,gpu_util_mean,gpu_mem_util_mean,gpu_mem_used_mb_max,gpu_sm_clock_mhz_mean,gpu_temp_c_max,gpu_energy_j,energy_j_per_Mstep,sane,reset_s,physx_overflow_warns,physics_ok,error,traceback
1,2026-07-10T15:34:01+0200,Template-Reach-UR5e-F140-v0,256,0,30,300,,robot_dof_matrix,0,Template-Reach-UR5e-F140-v0,256,0,alex,a2142.nhr.fau.de,NVIDIA RTX PRO 6000 Blackwell Server Edition,97887,610.43.02,12.0,600.00,2430,Enabled,12.0,1,False,True,3.11.15,Linux-5.14.0-687.23.3rrze.el9.x86_64-x86_64-with-glibc2.34,2.7.0+cu128,12.8,90701,0.54.4,,2.1.0,1.2.1,48e6061539ecb56c85b8b799dd6537b249f6a3c6,project/tendonbot-sim-rl,True,"{'slurm_job_id': '3830737', 'slurm_array_job_id': '3830660', 'slurm_array_task_id': '0', 'slurm_job_partition': 'rtxpro6k', 'slurm_job_nodelist': 'a2142', 'slurmd_nodename': 'a2142'}",ok,6,31,2.9663906269997824,0.05496530699019786,ur5e,joint,0.016666666666666666,2,2,1,False,fp32,67108864,1048576,33554432,2097152,8388608,163840,67108864,300,98.07941417778125,25108.330029512,10.195819463066679,9.382959004142322,9.72001255286159,223.8467079878319,0.0013165473937988281,0.001953125,0.0015482902526855469,0.001953125,2.78338623046875,3.1813201904296875,52.36273956298828,4.7,112.22785714285715,115.58,64.57142857142857,0.0,2851.0,2287.0,45.0,342.25377666240763,4456.429383625099,True,0.0032093629997689277,0,True,,
1,2026-07-10T15:33:51+0200,Template-Reach-UR5e-F140-v0,1024,0,30,300,,robot_dof_matrix,0,Template-Reach-UR5e-F140-v0,1024,1,alex,a2142.nhr.fau.de,NVIDIA RTX PRO 6000 Blackwell Server Edition,97887,610.43.02,12.0,600.00,2430,Enabled,12.0,1,False,True,3.11.15,Linux-5.14.0-687.23.3rrze.el9.x86_64-x86_64-with-glibc2.34,2.7.0+cu128,12.8,90701,0.54.4,,2.1.0,1.2.1,48e6061539ecb56c85b8b799dd6537b249f6a3c6,project/tendonbot-sim-rl,True,"{'slurm_job_id': '3830738', 'slurm_array_job_id': '3830660', 'slurm_array_task_id': '1', 'slurm_job_partition': 'rtxpro6k', 'slurm_job_nodelist': 'a2142', 'slurmd_nodename': 'a2142'}",ok,6,31,4.1767806820134865,0.05738101099268533,ur5e,joint,0.016666666666666666,2,2,1,False,fp32,67108864,1048576,33554432,2097152,8388608,163840,67108864,300,96.01788200573766,98322.31117387537,10.4147267062217,9.66650850023143,9.96985450401553,221.22145400498994,0.005236148834228516,0.0078125,0.006163120269775391,0.0078125,2.99041748046875,3.6974830627441406,50.110557556152344,4.0,112.90714285714286,118.78,65.42857142857143,0.0,3063.0,2317.0,40.0,342.04823256883634,1113.4382570600142,True,0.003218653000658378,0,True,,
1,2026-07-10T15:33:55+0200,Template-Reach-UR5e-F140-v0,4096,0,30,300,,robot_dof_matrix,0,Template-Reach-UR5e-F140-v0,4096,2,alex,a2142.nhr.fau.de,NVIDIA RTX PRO 6000 Blackwell Server Edition,97887,610.43.02,12.0,600.00,2430,Enabled,12.0,1,False,True,3.11.15,Linux-5.14.0-687.23.3rrze.el9.x86_64-x86_64-with-glibc2.34,2.7.0+cu128,12.8,90701,0.54.4,,2.1.0,1.2.1,48e6061539ecb56c85b8b799dd6537b249f6a3c6,project/tendonbot-sim-rl,True,"{'slurm_job_id': '3830739', 'slurm_array_job_id': '3830660', 'slurm_array_task_id': '2', 'slurm_job_partition': 'rtxpro6k', 'slurm_job_nodelist': 'a2142', 'slurmd_nodename': 'a2142'}",ok,6,31,9.351009507998242,0.04735265299677849,ur5e,joint,0.016666666666666666,2,2,1,False,fp32,67108864,1048576,33554432,2097152,8388608,163840,67108864,300,90.74926564218597,371708.99207039375,11.01937291639236,10.275002001435496,10.628856506809825,221.24510300636757,0.021164417266845703,0.037109375,0.024872303009033203,0.037109375,3.84588623046875,5.424591064453125,49.933380126953125,4.7,137.2892857142857,146.51,67.71428571428571,2.7857142857142856,3939.0,2415.0714285714284,45.0,423.0953664149125,344.31589063713585,True,0.0030135129927657545,0,True,,
1,2026-07-10T15:33:52+0200,Template-Reach-UR5e-Frankenstein-v0,256,0,30,300,,robot_dof_matrix,0,Template-Reach-UR5e-Frankenstein-v0,256,3,alex,a2941.nhr.fau.de,NVIDIA RTX PRO 6000 Blackwell Server Edition,97887,610.43.02,12.0,600.00,2430,Enabled,12.0,1,False,True,3.11.15,Linux-5.14.0-687.23.3rrze.el9.x86_64-x86_64-with-glibc2.34,2.7.0+cu128,12.8,90701,0.54.4,,2.1.0,1.2.1,48e6061539ecb56c85b8b799dd6537b249f6a3c6,project/tendonbot-sim-rl,True,"{'slurm_job_id': '3830740', 'slurm_array_job_id': '3830660', 'slurm_array_task_id': '3', 'slurm_job_partition': 'rtxpro6k', 'slurm_job_nodelist': 'a2941', 'slurmd_nodename': 'a2941'}",ok,8,39,2.9716841720073717,0.0381640029954724,ur5e+wrist,joint,0.016666666666666666,2,2,1,False,fp32,67108864,1048576,33554432,2097152,8388608,163840,67108864,300,90.79465118344145,23243.43070296101,11.013864660150526,10.28335000592051,10.53685145889176,222.62396400037687,0.0015535354614257812,0.00390625,0.001842498779296875,0.00390625,2.78924560546875,3.2023468017578125,30.195968627929688,3.7,103.252,105.66,67.06666666666666,0.0,2857.0,2422.0,46.0,335.69526077795337,4371.032041379602,True,0.0030417209927691147,0,True,,
1,2026-07-10T15:33:59+0200,Template-Reach-UR5e-Frankenstein-v0,1024,0,30,300,,robot_dof_matrix,0,Template-Reach-UR5e-Frankenstein-v0,1024,4,alex,a2941.nhr.fau.de,NVIDIA RTX PRO 6000 Blackwell Server Edition,97887,610.43.02,12.0,600.00,2430,Enabled,12.0,1,False,True,3.11.15,Linux-5.14.0-687.23.3rrze.el9.x86_64-x86_64-with-glibc2.34,2.7.0+cu128,12.8,90701,0.54.4,,2.1.0,1.2.1,48e6061539ecb56c85b8b799dd6537b249f6a3c6,project/tendonbot-sim-rl,True,"{'slurm_job_id': '3830741', 'slurm_array_job_id': '3830660', 'slurm_array_task_id': '4', 'slurm_job_partition': 'rtxpro6k', 'slurm_job_nodelist': 'a2941', 'slurmd_nodename': 'a2941'}",ok,8,39,4.180889930998092,0.04095606099872384,ur5e+wrist,joint,0.016666666666666666,2,2,1,False,fp32,67108864,1048576,33554432,2097152,8388608,163840,67108864,300,87.11748857062801,89208.30829632308,11.478751470082594,10.715568998421077,11.028955999063328,222.99875199678354,0.006182670593261719,0.02734375,0.007338523864746094,0.02734375,3.08026123046875,3.712921142578125,31.00246810913086,4.8,115.773125,120.69,68.1875,0.0,3155.0,2340.0,42.0,380.94854986646146,1240.0668940965543,True,0.0029324210045160726,0,True,,
1,2026-07-10T15:34:05+0200,Template-Reach-UR5e-Frankenstein-v0,4096,0,30,300,,robot_dof_matrix,0,Template-Reach-UR5e-Frankenstein-v0,4096,5,alex,a2941.nhr.fau.de,NVIDIA RTX PRO 6000 Blackwell Server Edition,97887,610.43.02,12.0,600.00,2430,Enabled,12.0,1,False,True,3.11.15,Linux-5.14.0-687.23.3rrze.el9.x86_64-x86_64-with-glibc2.34,2.7.0+cu128,12.8,90701,0.54.4,,2.1.0,1.2.1,48e6061539ecb56c85b8b799dd6537b249f6a3c6,project/tendonbot-sim-rl,True,"{'slurm_job_id': '3830742', 'slurm_array_job_id': '3830660', 'slurm_array_task_id': '5', 'slurm_job_partition': 'rtxpro6k', 'slurm_job_nodelist': 'a2941', 'slurmd_nodename': 'a2941'}",ok,8,39,10.526640084004612,0.049903335006092675,ur5e+wrist,joint,0.016666666666666666,2,2,1,False,fp32,67108864,1048576,33554432,2097152,8388608,163840,67108864,300,80.32784410850378,329022.8494684315,12.448983426584164,11.703306008712389,11.973742957343347,223.07526199438144,0.025010108947753906,0.037109375,0.030549049377441406,0.037109375,3.94940185546875,5.737171173095703,35.0028190612793,4.7,147.54764705882351,157.25,70.82352941176471,3.588235294117647,4045.0,2332.470588235294,42.0,522.8747230772598,425.51653896261377,True,0.0031358410051325336,0,True,,
1,2026-07-10T15:34:17+0200,Template-Reach-UR10-F140-v0,256,0,30,300,,robot_dof_matrix,0,Template-Reach-UR10-F140-v0,256,6,alex,a2941.nhr.fau.de,NVIDIA RTX PRO 6000 Blackwell Server Edition,97887,610.43.02,12.0,600.00,2430,Enabled,12.0,1,False,True,3.11.15,Linux-5.14.0-687.23.3rrze.el9.x86_64-x86_64-with-glibc2.34,2.7.0+cu128,12.8,90701,0.54.4,,2.1.0,1.2.1,48e6061539ecb56c85b8b799dd6537b249f6a3c6,project/tendonbot-sim-rl,True,"{'slurm_job_id': '3830743', 'slurm_array_job_id': '3830660', 'slurm_array_task_id': '6', 'slurm_job_partition': 'rtxpro6k', 'slurm_job_nodelist': 'a2941', 'slurmd_nodename': 'a2941'}",ok,6,31,2.645772167990799,0.03818331900401972,ur10,joint,0.016666666666666666,2,2,1,False,fp32,67108864,1048576,33554432,2097152,8388608,163840,67108864,300,97.14477472433373,24869.062329429435,10.293914447150504,9.546737499476876,9.813892002421198,221.63806699973065,0.0013480186462402344,0.001953125,0.0015940666198730469,0.001953125,2.78338623046875,3.1624069213867188,31.503501892089844,4.5,109.61571428571428,113.22,69.85714285714286,0.0,2851.0,2355.0,44.0,331.0323870385983,4310.317539565082,True,0.0028368509956635535,0,True,,
1,2026-07-10T15:34:21+0200,Template-Reach-UR10-F140-v0,1024,0,30,300,,robot_dof_matrix,0,Template-Reach-UR10-F140-v0,1024,7,alex,a2142.nhr.fau.de,NVIDIA RTX PRO 6000 Blackwell Server Edition,97887,610.43.02,12.0,600.00,2430,Enabled,12.0,1,False,True,3.11.15,Linux-5.14.0-687.23.3rrze.el9.x86_64-x86_64-with-glibc2.34,2.7.0+cu128,12.8,90701,0.54.4,,2.1.0,1.2.1,48e6061539ecb56c85b8b799dd6537b249f6a3c6,project/tendonbot-sim-rl,True,"{'slurm_job_id': '3830744', 'slurm_array_job_id': '3830660', 'slurm_array_task_id': '7', 'slurm_job_partition': 'rtxpro6k', 'slurm_job_nodelist': 'a2142', 'slurmd_nodename': 'a2142'}",ok,6,31,4.167985152002075,0.05759475100785494,ur10,joint,0.016666666666666666,2,2,1,False,fp32,67108864,1048576,33554432,2097152,8388608,163840,67108864,300,94.40012771949527,96665.73078476316,10.593206006791055,9.843627500231378,10.113920056028292,222.6615399995353,0.005362033843994141,0.0078125,0.006346225738525391,0.0078125,2.99041748046875,3.654346466064453,49.571189880371094,3.9,113.10571428571428,118.23,65.57142857142857,0.0,3063.0,2317.0,39.0,344.2410818197818,1120.5764382154357,True,0.003080413007410243,0,True,,
1,2026-07-10T15:34:17+0200,Template-Reach-UR10-F140-v0,4096,0,30,300,,robot_dof_matrix,0,Template-Reach-UR10-F140-v0,4096,8,alex,a2941.nhr.fau.de,NVIDIA RTX PRO 6000 Blackwell Server Edition,97887,610.43.02,12.0,600.00,2430,Enabled,12.0,1,False,True,3.11.15,Linux-5.14.0-687.23.3rrze.el9.x86_64-x86_64-with-glibc2.34,2.7.0+cu128,12.8,90701,0.54.4,,2.1.0,1.2.1,48e6061539ecb56c85b8b799dd6537b249f6a3c6,project/tendonbot-sim-rl,True,"{'slurm_job_id': '3830745', 'slurm_array_job_id': '3830660', 'slurm_array_task_id': '8', 'slurm_job_partition': 'rtxpro6k', 'slurm_job_nodelist': 'a2941', 'slurmd_nodename': 'a2941'}",ok,6,31,9.455544482989353,0.04942092701094225,ur10,joint,0.016666666666666666,2,2,1,False,fp32,67108864,1048576,33554432,2097152,8388608,163840,67108864,300,90.45955756381687,370522.3477813939,11.05466384018655,10.318090004147962,10.548632559221005,221.08531900448725,0.021683216094970703,0.03515625,0.025619983673095703,0.03515625,3.85369873046875,5.3807220458984375,32.34040069580078,4.6,131.74333333333334,141.38,68.13333333333334,3.6666666666666665,3947.0,2422.0,47.0,409.1580516974593,332.9736748840001,True,0.002912961004767567,0,True,,
1,2026-07-10T15:34:32+0200,Template-Reach-UR10-Frankenstein-v0,256,0,30,300,,robot_dof_matrix,0,Template-Reach-UR10-Frankenstein-v0,256,9,alex,a2142.nhr.fau.de,NVIDIA RTX PRO 6000 Blackwell Server Edition,97887,610.43.02,12.0,600.00,2430,Enabled,12.0,1,False,True,3.11.15,Linux-5.14.0-687.23.3rrze.el9.x86_64-x86_64-with-glibc2.34,2.7.0+cu128,12.8,90701,0.54.4,,2.1.0,1.2.1,48e6061539ecb56c85b8b799dd6537b249f6a3c6,project/tendonbot-sim-rl,True,"{'slurm_job_id': '3830746', 'slurm_array_job_id': '3830660', 'slurm_array_task_id': '9', 'slurm_job_partition': 'rtxpro6k', 'slurm_job_nodelist': 'a2142', 'slurmd_nodename': 'a2142'}",ok,8,39,3.2835171460028505,0.039196311990963295,ur10+wrist,joint,0.016666666666666666,2,2,1,False,fp32,67108864,1048576,33554432,2097152,8388608,163840,67108864,300,86.40521852750989,22119.73594304253,11.573375046573346,10.796085502079222,11.125016496953322,225.77075399749447,0.0015850067138671875,0.00390625,0.001888275146484375,0.00390625,2.78924560546875,3.20086669921875,53.45431137084961,4.5,111.10266666666666,114.4,67.86666666666666,0.0,2857.0,2287.0,43.0,361.6152862604854,4708.532373183403,True,0.002961272999527864,0,True,,
1,2026-07-10T15:34:29+0200,Template-Reach-UR10-Frankenstein-v0,1024,0,30,300,,robot_dof_matrix,0,Template-Reach-UR10-Frankenstein-v0,1024,10,alex,a2941.nhr.fau.de,NVIDIA RTX PRO 6000 Blackwell Server Edition,97887,610.43.02,12.0,600.00,2430,Enabled,12.0,1,False,True,3.11.15,Linux-5.14.0-687.23.3rrze.el9.x86_64-x86_64-with-glibc2.34,2.7.0+cu128,12.8,90701,0.54.4,,2.1.0,1.2.1,48e6061539ecb56c85b8b799dd6537b249f6a3c6,project/tendonbot-sim-rl,True,"{'slurm_job_id': '3830747', 'slurm_array_job_id': '3830660', 'slurm_array_task_id': '10', 'slurm_job_partition': 'rtxpro6k', 'slurm_job_nodelist': 'a2941', 'slurmd_nodename': 'a2941'}",ok,8,39,4.449082320992602,0.040300803011632524,ur10+wrist,joint,0.016666666666666666,2,2,1,False,fp32,67108864,1048576,33554432,2097152,8388608,163840,67108864,300,85.3755794439973,87424.59335065323,11.712951250374317,10.959453000396024,11.271016508544562,221.54828600469045,0.006308555603027344,0.02734375,0.007521629333496094,0.02734375,3.08026123046875,3.7226295471191406,31.02196502685547,4.4,115.49933333333334,120.29,69.13333333333334,0.0,3155.0,2340.0,42.0,392.420047988279,1277.4090103785124,True,0.0030318409990286455,0,True,,
1,2026-07-10T15:34:27+0200,Template-Reach-UR10-Frankenstein-v0,4096,0,30,300,,robot_dof_matrix,0,Template-Reach-UR10-Frankenstein-v0,4096,11,alex,a2142.nhr.fau.de,NVIDIA RTX PRO 6000 Blackwell Server Edition,97887,610.43.02,12.0,600.00,2430,Enabled,12.0,1,False,True,3.11.15,Linux-5.14.0-687.23.3rrze.el9.x86_64-x86_64-with-glibc2.34,2.7.0+cu128,12.8,90701,0.54.4,,2.1.0,1.2.1,48e6061539ecb56c85b8b799dd6537b249f6a3c6,project/tendonbot-sim-rl,True,"{'slurm_job_id': '3830748', 'slurm_array_job_id': '3830660', 'slurm_array_task_id': '11', 'slurm_job_partition': 'rtxpro6k', 'slurm_job_nodelist': 'a2142', 'slurmd_nodename': 'a2142'}",ok,8,39,10.225344407008379,0.05007132698665373,ur10+wrist,joint,0.016666666666666666,2,2,1,False,fp32,67108864,1048576,33554432,2097152,8388608,163840,67108864,300,79.48167300984072,325556.9326483076,12.581516746334577,11.840002996905241,12.15291454209364,222.14399199583568,0.025528907775878906,0.037109375,0.031327247619628906,0.037109375,4.01971435546875,5.823925018310547,50.82415771484375,4.4,142.21470588235294,150.54,71.17647058823529,3.764705882352941,4117.0,2418.470588235294,46.0,529.7081513177212,431.0775971010101,True,0.0030908629996702075,0,True,,
1,2026-07-10T15:34:47+0200,Template-Reach-Kinova-F140-v0,256,0,30,300,,robot_dof_matrix,0,Template-Reach-Kinova-F140-v0,256,12,alex,a2941.nhr.fau.de,NVIDIA RTX PRO 6000 Blackwell Server Edition,97887,610.43.02,12.0,600.00,2430,Enabled,12.0,1,False,True,3.11.15,Linux-5.14.0-687.23.3rrze.el9.x86_64-x86_64-with-glibc2.34,2.7.0+cu128,12.8,90701,0.54.4,,2.1.0,1.2.1,48e6061539ecb56c85b8b799dd6537b249f6a3c6,project/tendonbot-sim-rl,True,"{'slurm_job_id': '3830749', 'slurm_array_job_id': '3830660', 'slurm_array_task_id': '12', 'slurm_job_partition': 'rtxpro6k', 'slurm_job_nodelist': 'a2941', 'slurmd_nodename': 'a2941'}",ok,7,35,3.20552622199466,0.05294865601172205,kinova,joint,0.016666666666666666,2,2,1,False,fp32,67108864,1048576,33554432,2097152,8388608,163840,67108864,300,90.48134520318872,23163.224372016313,11.052001909944616,10.282549992552958,10.564184509712504,225.34633599570952,0.0014414787292480469,0.00390625,0.0017018318176269531,0.00390625,2.78924560546875,3.1761322021484375,32.022274017333984,3.7,110.00533333333333,113.15,65.06666666666666,0.0,2857.0,2340.0,41.0,344.2699852883355,4482.682100108535,True,0.0033066809992305934,0,True,,
1,2026-07-10T15:34:42+0200,Template-Reach-Kinova-F140-v0,1024,0,30,300,,robot_dof_matrix,0,Template-Reach-Kinova-F140-v0,1024,13,alex,a2941.nhr.fau.de,NVIDIA RTX PRO 6000 Blackwell Server Edition,97887,610.43.02,12.0,600.00,2430,Enabled,12.0,1,False,True,3.11.15,Linux-5.14.0-687.23.3rrze.el9.x86_64-x86_64-with-glibc2.34,2.7.0+cu128,12.8,90701,0.54.4,,2.1.0,1.2.1,48e6061539ecb56c85b8b799dd6537b249f6a3c6,project/tendonbot-sim-rl,True,"{'slurm_job_id': '3830751', 'slurm_array_job_id': '3830660', 'slurm_array_task_id': '13', 'slurm_job_partition': 'rtxpro6k', 'slurm_job_nodelist': 'a2941', 'slurmd_nodename': 'a2941'}",ok,7,35,4.3032444340060465,0.09819849499035627,kinova,joint,0.016666666666666666,2,2,1,False,fp32,67108864,1048576,33554432,2097152,8388608,163840,67108864,300,89.99273416860969,92152.55978865632,11.112008199755413,10.361039501731284,10.639855989575153,225.23424599785358,0.005733013153076172,0.009765625,0.006774425506591797,0.009765625,2.99627685546875,3.6032943725585938,33.390377044677734,3.7,117.27875,122.32,64.8125,0.0,3069.0,2355.0,44.0,389.0689419945747,1266.5004622219228,True,0.0030886909953551367,0,True,,
1,2026-07-10T15:34:50+0200,Template-Reach-Kinova-F140-v0,4096,0,30,300,,robot_dof_matrix,0,Template-Reach-Kinova-F140-v0,4096,14,alex,a2142.nhr.fau.de,NVIDIA RTX PRO 6000 Blackwell Server Edition,97887,610.43.02,12.0,600.00,2430,Enabled,12.0,1,False,True,3.11.15,Linux-5.14.0-687.23.3rrze.el9.x86_64-x86_64-with-glibc2.34,2.7.0+cu128,12.8,90701,0.54.4,,2.1.0,1.2.1,48e6061539ecb56c85b8b799dd6537b249f6a3c6,project/tendonbot-sim-rl,True,"{'slurm_job_id': '3830752', 'slurm_array_job_id': '3830660', 'slurm_array_task_id': '14', 'slurm_job_partition': 'rtxpro6k', 'slurm_job_nodelist': 'a2142', 'slurmd_nodename': 'a2142'}",ok,7,35,9.487319881998701,0.27907919099379797,kinova,joint,0.016666666666666666,2,2,1,False,fp32,67108864,1048576,33554432,2097152,8388608,163840,67108864,300,82.16884355973305,336563.58322066657,12.170062966421634,11.419116002798546,11.690548043407034,229.29690599266905,0.02317953109741211,0.037109375,0.02874898910522461,0.037109375,3.86541748046875,5.259563446044922,53.66659927368164,4.6,141.926875,152.31,69.4375,2.8125,3959.0,2310.4375,41.0,498.4526872200447,405.64183530277074,True,0.0035113009944325313,0,True,,
1,2026-07-10T15:34:52+0200,Template-Reach-Kinova-Frankenstein-v0,256,0,30,300,,robot_dof_matrix,0,Template-Reach-Kinova-Frankenstein-v0,256,15,alex,a2941.nhr.fau.de,NVIDIA RTX PRO 6000 Blackwell Server Edition,97887,610.43.02,12.0,600.00,2430,Enabled,12.0,1,False,True,3.11.15,Linux-5.14.0-687.23.3rrze.el9.x86_64-x86_64-with-glibc2.34,2.7.0+cu128,12.8,90701,0.54.4,,2.1.0,1.2.1,48e6061539ecb56c85b8b799dd6537b249f6a3c6,project/tendonbot-sim-rl,True,"{'slurm_job_id': '3830753', 'slurm_array_job_id': '3830660', 'slurm_array_task_id': '15', 'slurm_job_partition': 'rtxpro6k', 'slurm_job_nodelist': 'a2941', 'slurmd_nodename': 'a2941'}",ok,9,43,3.280858622994856,0.05374384400784038,kinova+wrist,joint,0.016666666666666666,2,2,1,False,fp32,67108864,1048576,33554432,2097152,8388608,163840,67108864,300,83.34106351656891,21335.31226024164,11.998886956862407,11.248462498770095,11.506479498348199,224.6405780024361,0.001678466796875,0.00390625,0.0019960403442382812,0.00390625,2.78924560546875,3.160633087158203,30.86144256591797,4.4,105.67117647058824,108.34,67.58823529411765,0.0,2857.0,2422.0,46.0,374.1722499574035,4872.034504653691,True,0.003129851000267081,0,True,,
1,2026-07-10T15:34:57+0200,Template-Reach-Kinova-Frankenstein-v0,1024,0,30,300,,robot_dof_matrix,0,Template-Reach-Kinova-Frankenstein-v0,1024,16,alex,a2941.nhr.fau.de,NVIDIA RTX PRO 6000 Blackwell Server Edition,97887,610.43.02,12.0,600.00,2430,Enabled,12.0,1,False,True,3.11.15,Linux-5.14.0-687.23.3rrze.el9.x86_64-x86_64-with-glibc2.34,2.7.0+cu128,12.8,90701,0.54.4,,2.1.0,1.2.1,48e6061539ecb56c85b8b799dd6537b249f6a3c6,project/tendonbot-sim-rl,True,"{'slurm_job_id': '3830755', 'slurm_array_job_id': '3830660', 'slurm_array_task_id': '16', 'slurm_job_partition': 'rtxpro6k', 'slurm_job_nodelist': 'a2941', 'slurmd_nodename': 'a2941'}",ok,9,43,4.2963994839956285,0.09857797999575268,kinova+wrist,joint,0.016666666666666666,2,2,1,False,fp32,67108864,1048576,33554432,2097152,8388608,163840,67108864,300,80.50655324541343,82438.71052330335,12.421349066474553,11.67132800037507,11.960791051387787,222.24548099620733,0.006679534912109375,0.029296875,0.0079498291015625,0.029296875,3.08416748046875,3.648632049560547,31.1251220703125,4.6,115.62764705882353,120.22,69.0,0.0,3159.0,2340.0,42.0,426.11002869701105,1387.0769163314162,True,0.0031542630022158846,0,True,,
1,2026-07-10T15:35:05+0200,Template-Reach-Kinova-Frankenstein-v0,4096,0,30,300,,robot_dof_matrix,0,Template-Reach-Kinova-Frankenstein-v0,4096,17,alex,a2142.nhr.fau.de,NVIDIA RTX PRO 6000 Blackwell Server Edition,97887,610.43.02,12.0,600.00,2430,Enabled,12.0,1,False,True,3.11.15,Linux-5.14.0-687.23.3rrze.el9.x86_64-x86_64-with-glibc2.34,2.7.0+cu128,12.8,90701,0.54.4,,2.1.0,1.2.1,48e6061539ecb56c85b8b799dd6537b249f6a3c6,project/tendonbot-sim-rl,True,"{'slurm_job_id': '3830756', 'slurm_array_job_id': '3830660', 'slurm_array_task_id': '17', 'slurm_job_partition': 'rtxpro6k', 'slurm_job_nodelist': 'a2142', 'slurmd_nodename': 'a2142'}",ok,9,43,10.26195735100191,0.2825038629962364,kinova+wrist,joint,0.016666666666666666,2,2,1,False,fp32,67108864,1048576,33554432,2097152,8388608,163840,67108864,300,75.15198310584508,307822.52280154143,13.306368756651258,12.516618495283183,12.917913448472973,228.01157900539692,0.027025222778320312,0.0390625,0.03216743469238281,0.0390625,3.97479248046875,5.559513092041016,50.647499084472656,4.7,145.35166666666666,155.61,71.72222222222223,3.7222222222222223,4071.0,2388.722222222222,44.0,572.3629663453838,465.7901744347199,True,0.0034959609911311418,0,True,,
1,2026-07-10T15:35:00+0200,Template-Reach-Tensegrity-v0,256,0,30,300,,robot_dof_matrix,0,Template-Reach-Tensegrity-v0,256,18,alex,a2142.nhr.fau.de,NVIDIA RTX PRO 6000 Blackwell Server Edition,97887,610.43.02,12.0,600.00,2430,Enabled,12.0,1,False,True,3.11.15,Linux-5.14.0-687.23.3rrze.el9.x86_64-x86_64-with-glibc2.34,2.7.0+cu128,12.8,90701,0.54.4,,2.1.0,1.2.1,48e6061539ecb56c85b8b799dd6537b249f6a3c6,project/tendonbot-sim-rl,True,"{'slurm_job_id': '3830758', 'slurm_array_job_id': '3830660', 'slurm_array_task_id': '18', 'slurm_job_partition': 'rtxpro6k', 'slurm_job_nodelist': 'a2142', 'slurmd_nodename': 'a2142'}",ok,5,22,4.518381518995739,0.07393701499677263,tensegrity,joint,0.016666666666666666,2,2,1,False,fp32,67108864,1048576,33554432,2097152,8388608,163840,67108864,300,96.85942215500893,24796.012071682286,10.324240819851791,9.981309995055199,10.273339994455455,93.88116501213517,0.0013203620910644531,0.001953125,0.0016303062438964844,0.001953125,2.72869873046875,3.3171157836914062,49.239402770996094,4.7,107.97714285714287,110.26,69.28571428571429,0.0,2795.0,2413.0,44.0,326.6620210740809,4253.411732735428,True,0.004024189998744987,0,True,,
1,2026-07-10T15:35:16+0200,Template-Reach-Tensegrity-v0,1024,0,30,300,,robot_dof_matrix,0,Template-Reach-Tensegrity-v0,1024,19,alex,a2941.nhr.fau.de,NVIDIA RTX PRO 6000 Blackwell Server Edition,97887,610.43.02,12.0,600.00,2430,Enabled,12.0,1,False,True,3.11.15,Linux-5.14.0-687.23.3rrze.el9.x86_64-x86_64-with-glibc2.34,2.7.0+cu128,12.8,90701,0.54.4,,2.1.0,1.2.1,48e6061539ecb56c85b8b799dd6537b249f6a3c6,project/tendonbot-sim-rl,True,"{'slurm_job_id': '3830761', 'slurm_array_job_id': '3830660', 'slurm_array_task_id': '19', 'slurm_job_partition': 'rtxpro6k', 'slurm_job_nodelist': 'a2941', 'slurmd_nodename': 'a2941'}",ok,5,22,4.674641275007161,0.07253453999874182,tensegrity,joint,0.016666666666666666,2,2,1,False,fp32,67108864,1048576,33554432,2097152,8388608,163840,67108864,300,94.8192100094097,97094.87104963553,10.546386116281306,10.25096100056544,10.467906497069634,91.29784599645063,0.005248069763183594,0.0078125,0.006474494934082031,0.0078125,2.93377685546875,3.8165969848632812,36.7536735534668,4.9,116.97266666666665,120.79,69.93333333333334,0.0,3005.0,2355.0,44.0,362.12992309304934,1178.8083434018533,True,0.003904911005520262,0,True,,
1,2026-07-10T15:35:12+0200,Template-Reach-Tensegrity-v0,4096,0,30,300,,robot_dof_matrix,0,Template-Reach-Tensegrity-v0,4096,20,alex,a2941.nhr.fau.de,NVIDIA RTX PRO 6000 Blackwell Server Edition,97887,610.43.02,12.0,600.00,2430,Enabled,12.0,1,False,True,3.11.15,Linux-5.14.0-687.23.3rrze.el9.x86_64-x86_64-with-glibc2.34,2.7.0+cu128,12.8,90701,0.54.4,,2.1.0,1.2.1,48e6061539ecb56c85b8b799dd6537b249f6a3c6,project/tendonbot-sim-rl,True,"{'slurm_job_id': '3830762', 'slurm_array_job_id': '3830660', 'slurm_array_task_id': '20', 'slurm_job_partition': 'rtxpro6k', 'slurm_job_nodelist': 'a2941', 'slurmd_nodename': 'a2941'}",ok,5,22,11.069988199000363,0.07311112899333239,tensegrity,joint,0.016666666666666666,2,2,1,False,fp32,67108864,1048576,33554432,2097152,8388608,163840,67108864,300,86.65311432429112,354931.15627229644,11.540266126588298,11.23392549197888,11.528317852935288,91.73055499559268,0.021238327026367188,0.03515625,0.026807785034179688,0.03515625,3.80096435546875,5.7095489501953125,34.107261657714844,4.7,141.745625,149.81,69.75,2.8125,3893.0,2332.0,42.0,476.1713546861969,387.5092404672826,True,0.0041163769928971305,0,True,,
1,2026-07-10T15:35:17+0200,Template-Reach-Tensegrity-Tendon-v0,256,0,30,300,,robot_dof_matrix,0,Template-Reach-Tensegrity-Tendon-v0,256,21,alex,a2941.nhr.fau.de,NVIDIA RTX PRO 6000 Blackwell Server Edition,97887,610.43.02,12.0,600.00,2430,Enabled,12.0,1,False,True,3.11.15,Linux-5.14.0-687.23.3rrze.el9.x86_64-x86_64-with-glibc2.34,2.7.0+cu128,12.8,90701,0.54.4,,2.1.0,1.2.1,48e6061539ecb56c85b8b799dd6537b249f6a3c6,project/tendonbot-sim-rl,True,"{'slurm_job_id': '3830763', 'slurm_array_job_id': '3830660', 'slurm_array_task_id': '21', 'slurm_job_partition': 'rtxpro6k', 'slurm_job_nodelist': 'a2941', 'slurmd_nodename': 'a2941'}",error,,,,,,,,,,,,,,,,,,,,,,,,,,,,,,,,,,,,,,,,,,,,,,0,False,FileNotFoundError: USD file not found at path at: '/home/hpc/iwfa/iwfa131h/studentische-arbeiten/res/Isaac/Props/UIElements/frame_prim.usd'.,"Traceback (most recent call last):
  File ""/home/woody/iwfa/iwfa131h/wt-tendonbot/src/tensegrity_pick/scripts/benchmarking/bench_core.py"", line 326, in main
    env = gym.make(task, cfg=cfg)
          ^^^^^^^^^^^^^^^^^^^^^^^
  File ""/home/vault/iwfa/iwfa131h/Isaac/conda_envs/env_isaaclab/lib/python3.11/site-packages/gymnasium/envs/registration.py"", line 734, in make
    env = env_creator(**env_spec_kwargs)
          ^^^^^^^^^^^^^^^^^^^^^^^^^^^^^^
  File ""/home/vault/iwfa/iwfa131h/Isaac/IsaacLab/source/isaaclab/isaaclab/envs/manager_based_rl_env.py"", line 80, in __init__
    super().__init__(cfg=cfg)
  File ""/home/vault/iwfa/iwfa131h/Isaac/IsaacLab/source/isaaclab/isaaclab/envs/manager_based_env.py"", line 180, in __init__
    self.load_managers()
  File ""/home/vault/iwfa/iwfa131h/Isaac/IsaacLab/source/isaaclab/isaaclab/envs/manager_based_rl_env.py"", line 113, in load_managers
    self.command_manager: CommandManager = CommandManager(self.cfg.commands, self)
                                           ^^^^^^^^^^^^^^^^^^^^^^^^^^^^^^^^^^^^^^^
  File ""/home/vault/iwfa/iwfa131h/Isaac/IsaacLab/source/isaaclab/isaaclab/managers/command_manager.py"", line 254, in __init__
    super().__init__(cfg, env)
  File ""/home/vault/iwfa/iwfa131h/Isaac/IsaacLab/source/isaaclab/isaaclab/managers/manager_base.py"", line 177, in __init__
    self._prepare_terms()
  File ""/home/vault/iwfa/iwfa131h/Isaac/IsaacLab/source/isaaclab/isaaclab/managers/command_manager.py"", line 419, in _prepare_terms
    term = term_cfg.class_type(term_cfg, self._env)
           ^^^^^^^^^^^^^^^^^^^^^^^^^^^^^^^^^^^^^^^^
  File ""/home/woody/iwfa/iwfa131h/wt-tendonbot/src/tensegrity_pick/source/tensegrity_pick/tensegrity_pick/tasks/manager_based/reach/mdp/fk_sampled_pose_command.py"", line 41, in __init__
    super().__init__(cfg, env)
  File ""/home/vault/iwfa/iwfa131h/Isaac/IsaacLab/source/isaaclab/isaaclab/managers/command_manager.py"", line 61, in __init__
    self.set_debug_vis(self.cfg.debug_vis)
  File ""/home/vault/iwfa/iwfa131h/Isaac/IsaacLab/source/isaaclab/isaaclab/managers/command_manager.py"", line 104, in set_debug_vis
    self._set_debug_vis_impl(debug_vis)
  File ""/home/woody/iwfa/iwfa131h/wt-tendonbot/src/tensegrity_pick/source/tensegrity_pick/tensegrity_pick/tasks/manager_based/reach/mdp/fk_sampled_pose_command.py"", line 433, in _set_debug_vis_impl
    self.goal_pose_visualizer = VisualizationMarkers(self.cfg.goal_pose_visualizer_cfg)
                                ^^^^^^^^^^^^^^^^^^^^^^^^^^^^^^^^^^^^^^^^^^^^^^^^^^^^^^^
  File ""/home/vault/iwfa/iwfa131h/Isaac/IsaacLab/source/isaaclab/isaaclab/markers/visualization_markers.py"", line 161, in __init__
    self._add_markers_prototypes(self.cfg.markers)
  File ""/home/vault/iwfa/iwfa131h/Isaac/IsaacLab/source/isaaclab/isaaclab/markers/visualization_markers.py"", line 351, in _add_markers_prototypes
    marker_prim = cfg.func(prim_path=marker_prim_path, cfg=cfg)
                  ^^^^^^^^^^^^^^^^^^^^^^^^^^^^^^^^^^^^^^^^^^^^^
  File ""/home/vault/iwfa/iwfa131h/Isaac/IsaacLab/source/isaaclab/isaaclab/sim/utils/prims.py"", line 715, in wrapper
    prim = func(prim_paths[0], cfg, *args, **kwargs)
           ^^^^^^^^^^^^^^^^^^^^^^^^^^^^^^^^^^^^^^^^^
  File ""/home/vault/iwfa/iwfa131h/Isaac/IsaacLab/source/isaaclab/isaaclab/sim/spawners/from_files/from_files.py"", line 76, in spawn_from_usd
    return _spawn_from_usd_file(prim_path, cfg.usd_path, cfg, translation, orientation)
           ^^^^^^^^^^^^^^^^^^^^^^^^^^^^^^^^^^^^^^^^^^^^^^^^^^^^^^^^^^^^^^^^^^^^^^^^^^^^
  File ""/home/vault/iwfa/iwfa131h/Isaac/IsaacLab/source/isaaclab/isaaclab/sim/spawners/from_files/from_files.py"", line 307, in _spawn_from_usd_file
    raise FileNotFoundError(f""USD file not found at path at: '{usd_path}'."")
FileNotFoundError: USD file not found at path at: '/home/hpc/iwfa/iwfa131h/studentische-arbeiten/res/Isaac/Props/UIElements/frame_prim.usd'.
"
1,2026-07-10T15:35:27+0200,Template-Reach-Tensegrity-Tendon-v0,1024,0,30,300,,robot_dof_matrix,0,Template-Reach-Tensegrity-Tendon-v0,1024,22,alex,a2142.nhr.fau.de,NVIDIA RTX PRO 6000 Blackwell Server Edition,97887,610.43.02,12.0,600.00,2430,Enabled,12.0,1,False,True,3.11.15,Linux-5.14.0-687.23.3rrze.el9.x86_64-x86_64-with-glibc2.34,2.7.0+cu128,12.8,90701,0.54.4,,2.1.0,1.2.1,48e6061539ecb56c85b8b799dd6537b249f6a3c6,project/tendonbot-sim-rl,True,"{'slurm_job_id': '3830764', 'slurm_array_job_id': '3830660', 'slurm_array_task_id': '22', 'slurm_job_partition': 'rtxpro6k', 'slurm_job_nodelist': 'a2142', 'slurmd_nodename': 'a2142'}",ok,7,24,4.8423229480104055,0.07771532499464229,tensegrity+tendon,joint,0.016666666666666666,2,2,1,False,fp32,67108864,1048576,33554432,2097152,8388608,163840,67108864,300,92.00543898714028,94213.56952283165,10.868922652928935,10.552718995313626,10.885432556824526,95.08510200248566,0.013240337371826172,0.02734375,0.01446676254272461,0.02734375,2.96307373046875,3.971080780029297,49.182029724121094,4.5,113.62214285714286,116.9,70.0,0.0,3035.0,2317.0,39.0,348.2703640660705,1133.6925913609066,True,0.004053249998833053,0,True,,
1,2026-07-10T15:35:24+0200,Template-Reach-Tensegrity-Tendon-v0,4096,0,30,300,,robot_dof_matrix,0,Template-Reach-Tensegrity-Tendon-v0,4096,23,alex,a2941.nhr.fau.de,NVIDIA RTX PRO 6000 Blackwell Server Edition,97887,610.43.02,12.0,600.00,2430,Enabled,12.0,1,False,True,3.11.15,Linux-5.14.0-687.23.3rrze.el9.x86_64-x86_64-with-glibc2.34,2.7.0+cu128,12.8,90701,0.54.4,,2.1.0,1.2.1,48e6061539ecb56c85b8b799dd6537b249f6a3c6,project/tendonbot-sim-rl,True,"{'slurm_job_id': '3830765', 'slurm_array_job_id': '3830660', 'slurm_array_task_id': '23', 'slurm_job_partition': 'rtxpro6k', 'slurm_job_nodelist': 'a2941', 'slurmd_nodename': 'a2941'}",ok,7,24,10.957028977994923,0.07259017300384585,tensegrity+tendon,joint,0.016666666666666666,2,2,1,False,fp32,67108864,1048576,33554432,2097152,8388608,163840,67108864,300,85.89385912084676,351821.2469589883,11.642275830139019,11.323946004267782,11.598549999325769,92.4523540015798,0.02940225601196289,0.0546875,0.034632205963134766,0.0546875,3.82830810546875,5.87237548828125,33.98821258544922,4.2,140.63375,147.32,73.3125,3.0,3921.0,2334.5,43.0,483.1951379948006,393.2252099567062,True,0.0042807069985428825,0,True,,
1,2026-07-10T15:35:27+0200,Template-Reach-UR5e-F140-v0,256,1,30,300,,robot_dof_matrix,1,Template-Reach-UR5e-F140-v0,256,24,alex,a2142.nhr.fau.de,NVIDIA RTX PRO 6000 Blackwell Server Edition,97887,610.43.02,12.0,600.00,2430,Enabled,12.0,1,False,True,3.11.15,Linux-5.14.0-687.23.3rrze.el9.x86_64-x86_64-with-glibc2.34,2.7.0+cu128,12.8,90701,0.54.4,,2.1.0,1.2.1,48e6061539ecb56c85b8b799dd6537b249f6a3c6,project/tendonbot-sim-rl,True,"{'slurm_job_id': '3830766', 'slurm_array_job_id': '3830660', 'slurm_array_task_id': '24', 'slurm_job_partition': 'rtxpro6k', 'slurm_job_nodelist': 'a2142', 'slurmd_nodename': 'a2142'}",ok,6,31,3.0337413850065786,0.03784806600015145,ur5e,joint,0.016666666666666666,2,2,1,False,fp32,67108864,1048576,33554432,2097152,8388608,163840,67108864,300,99.06807654683178,25361.427595988935,10.094068996356025,9.335021997685544,9.609924005053472,220.05412900762167,0.0013165473937988281,0.001953125,0.0015482902526855469,0.001953125,2.78338623046875,3.1764793395996094,51.31260299682617,4.5,112.84642857142856,116.71,65.07142857142857,0.0,2851.0,2333.714285714286,44.0,335.88554046321923,4373.509641448168,True,0.002803362993290648,0,True,,
1,2026-07-10T15:35:42+0200,Template-Reach-UR5e-F140-v0,1024,1,30,300,,robot_dof_matrix,1,Template-Reach-UR5e-F140-v0,1024,25,alex,a2142.nhr.fau.de,NVIDIA RTX PRO 6000 Blackwell Server Edition,97887,610.43.02,12.0,600.00,2430,Enabled,12.0,1,False,True,3.11.15,Linux-5.14.0-687.23.3rrze.el9.x86_64-x86_64-with-glibc2.34,2.7.0+cu128,12.8,90701,0.54.4,,2.1.0,1.2.1,48e6061539ecb56c85b8b799dd6537b249f6a3c6,project/tendonbot-sim-rl,True,"{'slurm_job_id': '3830767', 'slurm_array_job_id': '3830660', 'slurm_array_task_id': '25', 'slurm_job_partition': 'rtxpro6k', 'slurm_job_nodelist': 'a2142', 'slurmd_nodename': 'a2142'}",ok,6,31,3.9287727680057287,0.04151063600147609,ur5e,joint,0.016666666666666666,2,2,1,False,fp32,67108864,1048576,33554432,2097152,8388608,163840,67108864,300,96.25967036204226,98569.90245073127,10.388566636878144,9.645127996918745,9.96014200791251,221.62118800042663,0.005236148834228516,0.0078125,0.006163120269775391,0.0078125,2.99041748046875,3.6702117919921875,49.22863006591797,4.6,116.64307692307692,121.56,71.6923076923077,0.0,3063.0,2287.0,43.0,341.5829086518745,1111.9235307678207,True,0.0029618029948323965,0,True,,
1,2026-07-10T15:35:45+0200,Template-Reach-UR5e-F140-v0,4096,1,30,300,,robot_dof_matrix,1,Template-Reach-UR5e-F140-v0,4096,26,alex,a2941.nhr.fau.de,NVIDIA RTX PRO 6000 Blackwell Server Edition,97887,610.43.02,12.0,600.00,2430,Enabled,12.0,1,False,True,3.11.15,Linux-5.14.0-687.23.3rrze.el9.x86_64-x86_64-with-glibc2.34,2.7.0+cu128,12.8,90701,0.54.4,,2.1.0,1.2.1,48e6061539ecb56c85b8b799dd6537b249f6a3c6,project/tendonbot-sim-rl,True,"{'slurm_job_id': '3830768', 'slurm_array_job_id': '3830660', 'slurm_array_task_id': '26', 'slurm_job_partition': 'rtxpro6k', 'slurm_job_nodelist': 'a2941', 'slurmd_nodename': 'a2941'}",ok,6,31,9.25057823699899,0.04699976999836508,ur5e,joint,0.016666666666666666,2,2,1,False,fp32,67108864,1048576,33554432,2097152,8388608,163840,67108864,300,91.1002311781011,373146.5469055021,10.976920552978603,10.244034499919508,10.496737054927507,224.23842900025193,0.021164417266845703,0.037109375,0.024872303009033203,0.037109375,3.84588623046875,5.394153594970703,33.77898025512695,4.0,135.902,146.89,69.73333333333333,2.8666666666666667,3939.0,2410.0666666666666,44.0,431.4958596898699,351.1522295653238,True,0.0029003819945501164,0,True,,
1,2026-07-10T15:35:45+0200,Template-Reach-UR5e-Frankenstein-v0,256,1,30,300,,robot_dof_matrix,1,Template-Reach-UR5e-Frankenstein-v0,256,27,alex,a2941.nhr.fau.de,NVIDIA RTX PRO 6000 Blackwell Server Edition,97887,610.43.02,12.0,600.00,2430,Enabled,12.0,1,False,True,3.11.15,Linux-5.14.0-687.23.3rrze.el9.x86_64-x86_64-with-glibc2.34,2.7.0+cu128,12.8,90701,0.54.4,,2.1.0,1.2.1,48e6061539ecb56c85b8b799dd6537b249f6a3c6,project/tendonbot-sim-rl,True,"{'slurm_job_id': '3830769', 'slurm_array_job_id': '3830660', 'slurm_array_task_id': '27', 'slurm_job_partition': 'rtxpro6k', 'slurm_job_nodelist': 'a2941', 'slurmd_nodename': 'a2941'}",ok,8,39,2.8989056950085796,0.039288031999603845,ur5e+wrist,joint,0.016666666666666666,2,2,1,False,fp32,67108864,1048576,33554432,2097152,8388608,163840,67108864,300,88.21560172444293,22583.19404145739,11.335863276472082,10.568898003839422,10.874458549369592,224.59036800137255,0.0015535354614257812,0.00390625,0.001842498779296875,0.00390625,2.78924560546875,3.1682281494140625,34.531654357910156,3.9,110.349375,113.53,67.375,0.0,2857.0,2339.5,41.0,363.0151995804891,4726.760411204285,True,0.003209290007362142,0,True,,
1,2026-07-10T15:35:55+0200,Template-Reach-UR5e-Frankenstein-v0,1024,1,30,300,,robot_dof_matrix,1,Template-Reach-UR5e-Frankenstein-v0,1024,28,alex,a2142.nhr.fau.de,NVIDIA RTX PRO 6000 Blackwell Server Edition,97887,610.43.02,12.0,600.00,2430,Enabled,12.0,1,False,True,3.11.15,Linux-5.14.0-687.23.3rrze.el9.x86_64-x86_64-with-glibc2.34,2.7.0+cu128,12.8,90701,0.54.4,,2.1.0,1.2.1,48e6061539ecb56c85b8b799dd6537b249f6a3c6,project/tendonbot-sim-rl,True,"{'slurm_job_id': '3830770', 'slurm_array_job_id': '3830660', 'slurm_array_task_id': '28', 'slurm_job_partition': 'rtxpro6k', 'slurm_job_nodelist': 'a2142', 'slurmd_nodename': 'a2142'}",ok,8,39,4.391758480996941,0.040876965009374544,ur5e+wrist,joint,0.016666666666666666,2,2,1,False,fp32,67108864,1048576,33554432,2097152,8388608,163840,67108864,300,87.37370496416106,89470.67388330093,11.445090950534603,10.707045505114365,10.985263438487891,221.07724599482026,0.006182670593261719,0.02734375,0.007338523864746094,0.02734375,3.08026123046875,3.7200851440429688,45.79204177856445,4.8,121.058125,125.95,69.0,0.0,3155.0,2332.0,44.0,414.92175037054295,1350.6567394874446,True,0.002841313005774282,0,True,,
1,2026-07-10T15:36:00+0200,Template-Reach-UR5e-Frankenstein-v0,4096,1,30,300,,robot_dof_matrix,1,Template-Reach-UR5e-Frankenstein-v0,4096,29,alex,a2142.nhr.fau.de,NVIDIA RTX PRO 6000 Blackwell Server Edition,97887,610.43.02,12.0,600.00,2430,Enabled,12.0,1,False,True,3.11.15,Linux-5.14.0-687.23.3rrze.el9.x86_64-x86_64-with-glibc2.34,2.7.0+cu128,12.8,90701,0.54.4,,2.1.0,1.2.1,48e6061539ecb56c85b8b799dd6537b249f6a3c6,project/tendonbot-sim-rl,True,"{'slurm_job_id': '3830771', 'slurm_array_job_id': '3830660', 'slurm_array_task_id': '29', 'slurm_job_partition': 'rtxpro6k', 'slurm_job_nodelist': 'a2142', 'slurmd_nodename': 'a2142'}",ok,8,39,10.511036726995371,0.05086651199962944,ur5e+wrist,joint,0.016666666666666666,2,2,1,False,fp32,67108864,1048576,33554432,2097152,8388608,163840,67108864,300,79.45239058670211,325436.99184313184,12.58615370306264,11.813747507403605,12.095020501146792,228.68324800219852,0.025010108947753906,0.037109375,0.030549049377441406,0.037109375,3.94940185546875,5.753215789794922,50.22964859008789,5.2,143.24125,153.97,69.8125,3.5625,4045.0,2310.875,40.0,513.5687656199771,417.94333139646574,True,0.0032034629984991625,0,True,,
1,2026-07-10T15:36:02+0200,Template-Reach-UR10-F140-v0,256,1,30,300,,robot_dof_matrix,1,Template-Reach-UR10-F140-v0,256,30,alex,a2941.nhr.fau.de,NVIDIA RTX PRO 6000 Blackwell Server Edition,97887,610.43.02,12.0,600.00,2430,Enabled,12.0,1,False,True,3.11.15,Linux-5.14.0-687.23.3rrze.el9.x86_64-x86_64-with-glibc2.34,2.7.0+cu128,12.8,90701,0.54.4,,2.1.0,1.2.1,48e6061539ecb56c85b8b799dd6537b249f6a3c6,project/tendonbot-sim-rl,True,"{'slurm_job_id': '3830772', 'slurm_array_job_id': '3830660', 'slurm_array_task_id': '30', 'slurm_job_partition': 'rtxpro6k', 'slurm_job_nodelist': 'a2941', 'slurmd_nodename': 'a2941'}",ok,6,31,2.7812483570014592,0.03850070500629954,ur10,joint,0.016666666666666666,2,2,1,False,fp32,67108864,1048576,33554432,2097152,8388608,163840,67108864,300,96.37473228427321,24671.93146477394,10.37616371322656,9.634597001422662,9.856195992324501,223.91437500482425,0.0013480186462402344,0.001953125,0.0015940666198730469,0.001953125,2.78338623046875,3.1638717651367188,31.695720672607422,3.8,108.80071428571429,111.19,60.857142857142854,0.0,2851.0,2340.0,42.0,332.85458129522664,4334.044027281597,True,0.002798961999360472,0,True,,
1,2026-07-10T15:36:11+0200,Template-Reach-UR10-F140-v0,1024,1,30,300,,robot_dof_matrix,1,Template-Reach-UR10-F140-v0,1024,31,alex,a2142.nhr.fau.de,NVIDIA RTX PRO 6000 Blackwell Server Edition,97887,610.43.02,12.0,600.00,2430,Enabled,12.0,1,False,True,3.11.15,Linux-5.14.0-687.23.3rrze.el9.x86_64-x86_64-with-glibc2.34,2.7.0+cu128,12.8,90701,0.54.4,,2.1.0,1.2.1,48e6061539ecb56c85b8b799dd6537b249f6a3c6,project/tendonbot-sim-rl,True,"{'slurm_job_id': '3830773', 'slurm_array_job_id': '3830660', 'slurm_array_task_id': '31', 'slurm_job_partition': 'rtxpro6k', 'slurm_job_nodelist': 'a2142', 'slurmd_nodename': 'a2142'}",ok,6,31,4.004477458001929,0.04049886600114405,ur10,joint,0.016666666666666666,2,2,1,False,fp32,67108864,1048576,33554432,2097152,8388608,163840,67108864,300,94.3441646548113,96608.42460652677,10.599489683954744,9.845176995440852,10.116073548852,223.93872898828704,0.005362033843994141,0.0078125,0.006346225738525391,0.0078125,2.99041748046875,3.673717498779297,46.01093673706055,5.1,116.58,121.57,63.642857142857146,0.0,3063.0,2287.0,43.0,370.0512891139806,1204.5940400845723,True,0.0030116330017335713,0,True,,
1,2026-07-10T15:36:11+0200,Template-Reach-UR10-F140-v0,4096,1,30,300,,robot_dof_matrix,1,Template-Reach-UR10-F140-v0,4096,32,alex,a2941.nhr.fau.de,NVIDIA RTX PRO 6000 Blackwell Server Edition,97887,610.43.02,12.0,600.00,2430,Enabled,12.0,1,False,True,3.11.15,Linux-5.14.0-687.23.3rrze.el9.x86_64-x86_64-with-glibc2.34,2.7.0+cu128,12.8,90701,0.54.4,,2.1.0,1.2.1,48e6061539ecb56c85b8b799dd6537b249f6a3c6,project/tendonbot-sim-rl,True,"{'slurm_job_id': '3830774', 'slurm_array_job_id': '3830660', 'slurm_array_task_id': '32', 'slurm_job_partition': 'rtxpro6k', 'slurm_job_nodelist': 'a2941', 'slurmd_nodename': 'a2941'}",ok,6,31,9.422745267002028,0.049474454994197004,ur10,joint,0.016666666666666666,2,2,1,False,fp32,67108864,1048576,33554432,2097152,8388608,163840,67108864,300,87.41298713648128,358043.5953110273,11.439947686934222,10.68964900332503,11.026249497808749,220.47000599559397,0.021683216094970703,0.03515625,0.025619983673095703,0.03515625,3.85369873046875,5.378490447998047,36.79622268676758,4.1,143.394375,153.86,68.5,3.375,3947.0,2332.0,42.0,479.5613237557141,390.2680043584913,True,0.0030509109928971156,0,True,,
1,2026-07-10T15:36:19+0200,Template-Reach-UR10-Frankenstein-v0,256,1,30,300,,robot_dof_matrix,1,Template-Reach-UR10-Frankenstein-v0,256,33,alex,a2142.nhr.fau.de,NVIDIA RTX PRO 6000 Blackwell Server Edition,97887,610.43.02,12.0,600.00,2430,Enabled,12.0,1,False,True,3.11.15,Linux-5.14.0-687.23.3rrze.el9.x86_64-x86_64-with-glibc2.34,2.7.0+cu128,12.8,90701,0.54.4,,2.1.0,1.2.1,48e6061539ecb56c85b8b799dd6537b249f6a3c6,project/tendonbot-sim-rl,True,"{'slurm_job_id': '3830775', 'slurm_array_job_id': '3830660', 'slurm_array_task_id': '33', 'slurm_job_partition': 'rtxpro6k', 'slurm_job_nodelist': 'a2142', 'slurmd_nodename': 'a2142'}",ok,8,39,2.884733992003021,0.040943254993180744,ur10+wrist,joint,0.016666666666666666,2,2,1,False,fp32,67108864,1048576,33554432,2097152,8388608,163840,67108864,300,88.99740266843672,22783.3350831198,11.236282970251825,10.435021002194844,10.84999150261865,228.25373899831902,0.0015850067138671875,0.00390625,0.001888275146484375,0.00390625,2.78924560546875,3.2007217407226562,45.90126037597656,5.3,108.216,111.25,65.8,0.0,2857.0,2422.0,47.0,348.7480090178673,4540.98970075348,True,0.003021303011337295,0,True,,
1,2026-07-10T15:36:19+0200,Template-Reach-UR10-Frankenstein-v0,1024,1,30,300,,robot_dof_matrix,1,Template-Reach-UR10-Frankenstein-v0,1024,34,alex,a2941.nhr.fau.de,NVIDIA RTX PRO 6000 Blackwell Server Edition,97887,610.43.02,12.0,600.00,2430,Enabled,12.0,1,False,True,3.11.15,Linux-5.14.0-687.23.3rrze.el9.x86_64-x86_64-with-glibc2.34,2.7.0+cu128,12.8,90701,0.54.4,,2.1.0,1.2.1,48e6061539ecb56c85b8b799dd6537b249f6a3c6,project/tendonbot-sim-rl,True,"{'slurm_job_id': '3830776', 'slurm_array_job_id': '3830660', 'slurm_array_task_id': '34', 'slurm_job_partition': 'rtxpro6k', 'slurm_job_nodelist': 'a2941', 'slurmd_nodename': 'a2941'}",ok,8,39,4.2722842509974726,0.0408454810094554,ur10+wrist,joint,0.016666666666666666,2,2,1,False,fp32,67108864,1048576,33554432,2097152,8388608,163840,67108864,300,85.05168478102448,87092.92521576906,11.757556626592608,11.012417999154422,11.283149055816466,224.82905299693812,0.006308555603027344,0.02734375,0.007521629333496094,0.02734375,3.08026123046875,3.720539093017578,32.34905242919922,3.9,117.8375,123.14,69.1875,0.0,3155.0,2355.0,44.0,390.4555520946544,1271.0141669747863,True,0.0029551009938586503,0,True,,
1,2026-07-10T15:36:23+0200,Template-Reach-UR10-Frankenstein-v0,4096,1,30,300,,robot_dof_matrix,1,Template-Reach-UR10-Frankenstein-v0,4096,35,alex,a2142.nhr.fau.de,NVIDIA RTX PRO 6000 Blackwell Server Edition,97887,610.43.02,12.0,600.00,2430,Enabled,12.0,1,False,True,3.11.15,Linux-5.14.0-687.23.3rrze.el9.x86_64-x86_64-with-glibc2.34,2.7.0+cu128,12.8,90701,0.54.4,,2.1.0,1.2.1,48e6061539ecb56c85b8b799dd6537b249f6a3c6,project/tendonbot-sim-rl,True,"{'slurm_job_id': '3830777', 'slurm_array_job_id': '3830660', 'slurm_array_task_id': '35', 'slurm_job_partition': 'rtxpro6k', 'slurm_job_nodelist': 'a2142', 'slurmd_nodename': 'a2142'}",ok,8,39,10.945335657001124,0.051351650996366516,ur10+wrist,joint,0.016666666666666666,2,2,1,False,fp32,67108864,1048576,33554432,2097152,8388608,163840,67108864,300,78.41149553494918,321173.48571115185,12.753232076211134,12.003727504634298,12.26235250942409,223.16417100955732,0.025528907775878906,0.037109375,0.031327247619628906,0.037109375,4.01971435546875,5.832332611083984,48.4293098449707,4.9,149.36176470588236,161.51,71.52941176470588,3.764705882352941,4117.0,2331.176470588235,45.0,543.5070556617897,442.3071742039304,True,0.0029760530014755204,0,True,,
1,2026-07-10T15:36:27+0200,Template-Reach-Kinova-F140-v0,256,1,30,300,,robot_dof_matrix,1,Template-Reach-Kinova-F140-v0,256,36,alex,a2941.nhr.fau.de,NVIDIA RTX PRO 6000 Blackwell Server Edition,97887,610.43.02,12.0,600.00,2430,Enabled,12.0,1,False,True,3.11.15,Linux-5.14.0-687.23.3rrze.el9.x86_64-x86_64-with-glibc2.34,2.7.0+cu128,12.8,90701,0.54.4,,2.1.0,1.2.1,48e6061539ecb56c85b8b799dd6537b249f6a3c6,project/tendonbot-sim-rl,True,"{'slurm_job_id': '3830778', 'slurm_array_job_id': '3830660', 'slurm_array_task_id': '36', 'slurm_job_partition': 'rtxpro6k', 'slurm_job_nodelist': 'a2941', 'slurmd_nodename': 'a2941'}",ok,7,35,3.1939068000065163,0.0532886650034925,kinova,joint,0.016666666666666666,2,2,1,False,fp32,67108864,1048576,33554432,2097152,8388608,163840,67108864,300,91.10650871944381,23323.266232177615,10.976164206658723,10.216750000836328,10.441097002330935,225.04669200861827,0.0014414787292480469,0.00390625,0.0017018318176269531,0.00390625,2.78924560546875,3.1398773193359375,31.801502227783203,3.8,108.099375,111.1,66.25,0.0,2857.0,2340.0,41.0,355.40844485570597,4627.714125725338,True,0.0032935299968812615,0,True,,
1,2026-07-10T15:36:43+0200,Template-Reach-Kinova-F140-v0,1024,1,30,300,,robot_dof_matrix,1,Template-Reach-Kinova-F140-v0,1024,37,alex,a2142.nhr.fau.de,NVIDIA RTX PRO 6000 Blackwell Server Edition,97887,610.43.02,12.0,600.00,2430,Enabled,12.0,1,False,True,3.11.15,Linux-5.14.0-687.23.3rrze.el9.x86_64-x86_64-with-glibc2.34,2.7.0+cu128,12.8,90701,0.54.4,,2.1.0,1.2.1,48e6061539ecb56c85b8b799dd6537b249f6a3c6,project/tendonbot-sim-rl,True,"{'slurm_job_id': '3830779', 'slurm_array_job_id': '3830660', 'slurm_array_task_id': '37', 'slurm_job_partition': 'rtxpro6k', 'slurm_job_nodelist': 'a2142', 'slurmd_nodename': 'a2142'}",ok,7,35,4.320305883011315,0.09977804799564183,kinova,joint,0.016666666666666666,2,2,1,False,fp32,67108864,1048576,33554432,2097152,8388608,163840,67108864,300,89.15760902786842,91297.39164453726,11.216092612885404,10.455650495714508,10.71402198940632,222.74231199116912,0.005733013153076172,0.009765625,0.006774425506591797,0.009765625,2.99627685546875,3.6429595947265625,51.7467041015625,5.0,114.05066666666667,118.44,66.2,0.0,3069.0,2316.0666666666666,39.0,368.87814269500694,1200.775204085309,True,0.003099551991908811,0,True,,
1,2026-07-10T15:36:37+0200,Template-Reach-Kinova-F140-v0,4096,1,30,300,,robot_dof_matrix,1,Template-Reach-Kinova-F140-v0,4096,38,alex,a2142.nhr.fau.de,NVIDIA RTX PRO 6000 Blackwell Server Edition,97887,610.43.02,12.0,600.00,2430,Enabled,12.0,1,False,True,3.11.15,Linux-5.14.0-687.23.3rrze.el9.x86_64-x86_64-with-glibc2.34,2.7.0+cu128,12.8,90701,0.54.4,,2.1.0,1.2.1,48e6061539ecb56c85b8b799dd6537b249f6a3c6,project/tendonbot-sim-rl,True,"{'slurm_job_id': '3830780', 'slurm_array_job_id': '3830660', 'slurm_array_task_id': '38', 'slurm_job_partition': 'rtxpro6k', 'slurm_job_nodelist': 'a2142', 'slurmd_nodename': 'a2142'}",ok,7,35,9.72764854900015,0.2857539649994578,kinova,joint,0.016666666666666666,2,2,1,False,fp32,67108864,1048576,33554432,2097152,8388608,163840,67108864,300,81.91909184926043,335540.6002145707,12.207166576505795,11.430198501329869,11.773711442219792,225.0739660084946,0.02317953109741211,0.037109375,0.02874898910522461,0.037109375,3.86541748046875,5.2798004150390625,50.22917556762695,4.9,146.02,154.17,69.0625,2.8125,3959.0,2287.0,44.0,511.8668337694247,416.5582957107949,True,0.0033372120087733492,0,True,,
1,2026-07-10T15:36:45+0200,Template-Reach-Kinova-Frankenstein-v0,256,1,30,300,,robot_dof_matrix,1,Template-Reach-Kinova-Frankenstein-v0,256,39,alex,a2142.nhr.fau.de,NVIDIA RTX PRO 6000 Blackwell Server Edition,97887,610.43.02,12.0,600.00,2430,Enabled,12.0,1,False,True,3.11.15,Linux-5.14.0-687.23.3rrze.el9.x86_64-x86_64-with-glibc2.34,2.7.0+cu128,12.8,90701,0.54.4,,2.1.0,1.2.1,48e6061539ecb56c85b8b799dd6537b249f6a3c6,project/tendonbot-sim-rl,True,"{'slurm_job_id': '3830781', 'slurm_array_job_id': '3830660', 'slurm_array_task_id': '39', 'slurm_job_partition': 'rtxpro6k', 'slurm_job_nodelist': 'a2142', 'slurmd_nodename': 'a2142'}",ok,9,43,3.1636010340007488,0.05461281300813425,kinova+wrist,joint,0.016666666666666666,2,2,1,False,fp32,67108864,1048576,33554432,2097152,8388608,163840,67108864,300,82.96248063000554,21238.39504128142,12.053641506451338,11.278613994363695,11.63890400348464,225.84151499904692,0.001678466796875,0.00390625,0.0019960403442382812,0.00390625,2.78924560546875,3.2184600830078125,47.36400604248047,4.9,109.00125,111.55,68.1875,0.0,2857.0,2422.0,45.0,379.9239250007797,4946.926106780986,True,0.003251301997806877,0,True,,
1,2026-07-10T15:36:51+0200,Template-Reach-Kinova-Frankenstein-v0,1024,1,30,300,,robot_dof_matrix,1,Template-Reach-Kinova-Frankenstein-v0,1024,40,alex,a2941.nhr.fau.de,NVIDIA RTX PRO 6000 Blackwell Server Edition,97887,610.43.02,12.0,600.00,2430,Enabled,12.0,1,False,True,3.11.15,Linux-5.14.0-687.23.3rrze.el9.x86_64-x86_64-with-glibc2.34,2.7.0+cu128,12.8,90701,0.54.4,,2.1.0,1.2.1,48e6061539ecb56c85b8b799dd6537b249f6a3c6,project/tendonbot-sim-rl,True,"{'slurm_job_id': '3830782', 'slurm_array_job_id': '3830660', 'slurm_array_task_id': '40', 'slurm_job_partition': 'rtxpro6k', 'slurm_job_nodelist': 'a2941', 'slurmd_nodename': 'a2941'}",ok,9,43,4.396217549001449,0.10058991599362344,kinova+wrist,joint,0.016666666666666666,2,2,1,False,fp32,67108864,1048576,33554432,2097152,8388608,163840,67108864,300,80.83810426685514,82778.21876925966,12.370403896396358,11.644021004030947,11.881462001474574,222.76823899301235,0.006679534912109375,0.029296875,0.0079498291015625,0.029296875,3.08416748046875,3.6497879028320312,36.4561767578125,4.4,117.43823529411765,121.85,69.58823529411765,0.0,3159.0,2332.470588235294,41.0,416.35945901126075,1355.3367806356146,True,0.0033889199985424057,0,True,,
1,2026-07-10T15:36:46+0200,Template-Reach-Kinova-Frankenstein-v0,4096,1,30,300,,robot_dof_matrix,1,Template-Reach-Kinova-Frankenstein-v0,4096,41,alex,a2941.nhr.fau.de,NVIDIA RTX PRO 6000 Blackwell Server Edition,97887,610.43.02,12.0,600.00,2430,Enabled,12.0,1,False,True,3.11.15,Linux-5.14.0-687.23.3rrze.el9.x86_64-x86_64-with-glibc2.34,2.7.0+cu128,12.8,90701,0.54.4,,2.1.0,1.2.1,48e6061539ecb56c85b8b799dd6537b249f6a3c6,project/tendonbot-sim-rl,True,"{'slurm_job_id': '3830783', 'slurm_array_job_id': '3830660', 'slurm_array_task_id': '41', 'slurm_job_partition': 'rtxpro6k', 'slurm_job_nodelist': 'a2941', 'slurmd_nodename': 'a2941'}",ok,9,43,10.29900054699101,0.28707244200631976,kinova+wrist,joint,0.016666666666666666,2,2,1,False,fp32,67108864,1048576,33554432,2097152,8388608,163840,67108864,300,75.72340843882814,310163.0809654401,13.20595599982577,12.468667991925031,12.765497997315833,223.80531700036954,0.027025222778320312,0.0390625,0.03216743469238281,0.0390625,3.97479248046875,5.520412445068359,33.57144546508789,4.0,143.13888888888889,154.59,76.33333333333333,4.0,4071.0,2406.6111111111113,45.0,547.2540440014988,445.35648112101137,True,0.00355140000465326,0,True,,
1,2026-07-10T15:36:52+0200,Template-Reach-Tensegrity-v0,256,1,30,300,,robot_dof_matrix,1,Template-Reach-Tensegrity-v0,256,42,alex,a2941.nhr.fau.de,NVIDIA RTX PRO 6000 Blackwell Server Edition,97887,610.43.02,12.0,600.00,2430,Enabled,12.0,1,False,True,3.11.15,Linux-5.14.0-687.23.3rrze.el9.x86_64-x86_64-with-glibc2.34,2.7.0+cu128,12.8,90701,0.54.4,,2.1.0,1.2.1,48e6061539ecb56c85b8b799dd6537b249f6a3c6,project/tendonbot-sim-rl,True,"{'slurm_job_id': '3830784', 'slurm_array_job_id': '3830660', 'slurm_array_task_id': '42', 'slurm_job_partition': 'rtxpro6k', 'slurm_job_nodelist': 'a2941', 'slurmd_nodename': 'a2941'}",ok,5,22,3.441425117998733,0.07268316800764296,tensegrity,joint,0.016666666666666666,2,2,1,False,fp32,67108864,1048576,33554432,2097152,8388608,163840,67108864,300,94.97205490624177,24312.846055997892,10.529413109858675,10.224700003163889,10.446941452391911,92.94031899480615,0.0013203620910644531,0.001953125,0.0016303062438964844,0.001953125,2.72869873046875,3.279541015625,39.039852142333984,4.3,107.934,110.74,67.13333333333334,0.0,2795.0,2340.0,41.0,332.5815306220063,4330.48867997404,True,0.004056928999489173,0,True,,
1,2026-07-10T15:37:01+0200,Template-Reach-Tensegrity-v0,1024,1,30,300,,robot_dof_matrix,1,Template-Reach-Tensegrity-v0,1024,43,alex,a2142.nhr.fau.de,NVIDIA RTX PRO 6000 Blackwell Server Edition,97887,610.43.02,12.0,600.00,2430,Enabled,12.0,1,False,True,3.11.15,Linux-5.14.0-687.23.3rrze.el9.x86_64-x86_64-with-glibc2.34,2.7.0+cu128,12.8,90701,0.54.4,,2.1.0,1.2.1,48e6061539ecb56c85b8b799dd6537b249f6a3c6,project/tendonbot-sim-rl,True,"{'slurm_job_id': '3830785', 'slurm_array_job_id': '3830660', 'slurm_array_task_id': '43', 'slurm_job_partition': 'rtxpro6k', 'slurm_job_nodelist': 'a2142', 'slurmd_nodename': 'a2142'}",ok,5,22,4.781926720999763,0.07302471299772151,tensegrity,joint,0.016666666666666666,2,2,1,False,fp32,67108864,1048576,33554432,2097152,8388608,163840,67108864,300,93.78628641083628,96037.15728469635,10.662539676850429,10.33244649443077,10.683099446760025,91.06759198766667,0.005248069763183594,0.0078125,0.006474494934082031,0.0078125,2.93377685546875,3.8055191040039062,45.73634338378906,4.3,120.042,124.21,69.2,0.0,3005.0,2338.9333333333334,44.0,380.7877134302379,1239.5433379890555,True,0.003943990988773294,0,True,,
1,2026-07-10T15:37:17+0200,Template-Reach-Tensegrity-v0,4096,1,30,300,,robot_dof_matrix,1,Template-Reach-Tensegrity-v0,4096,44,alex,a2142.nhr.fau.de,NVIDIA RTX PRO 6000 Blackwell Server Edition,97887,610.43.02,12.0,600.00,2430,Enabled,12.0,1,False,True,3.11.15,Linux-5.14.0-687.23.3rrze.el9.x86_64-x86_64-with-glibc2.34,2.7.0+cu128,12.8,90701,0.54.4,,2.1.0,1.2.1,48e6061539ecb56c85b8b799dd6537b249f6a3c6,project/tendonbot-sim-rl,True,"{'slurm_job_id': '3830786', 'slurm_array_job_id': '3830660', 'slurm_array_task_id': '44', 'slurm_job_partition': 'rtxpro6k', 'slurm_job_nodelist': 'a2142', 'slurmd_nodename': 'a2142'}",ok,5,22,11.280276414006948,0.07397773099364713,tensegrity,joint,0.016666666666666666,2,2,1,False,fp32,67108864,1048576,33554432,2097152,8388608,163840,67108864,300,86.1479316797901,352861.92816042027,11.607939743892832,11.293214003671892,11.603519450727617,94.49693400529213,0.021238327026367188,0.03515625,0.026807785034179688,0.03515625,3.80096435546875,5.747890472412109,46.02218246459961,4.4,138.72,146.44,73.875,3.0,3893.0,2310.875,40.0,480.5807570426026,391.09762129118053,True,0.003975311003159732,0,True,,
1,2026-07-10T15:37:11+0200,Template-Reach-Tensegrity-Tendon-v0,256,1,30,300,,robot_dof_matrix,1,Template-Reach-Tensegrity-Tendon-v0,256,45,alex,a2142.nhr.fau.de,NVIDIA RTX PRO 6000 Blackwell Server Edition,97887,610.43.02,12.0,600.00,2430,Enabled,12.0,1,False,True,3.11.15,Linux-5.14.0-687.23.3rrze.el9.x86_64-x86_64-with-glibc2.34,2.7.0+cu128,12.8,90701,0.54.4,,2.1.0,1.2.1,48e6061539ecb56c85b8b799dd6537b249f6a3c6,project/tendonbot-sim-rl,True,"{'slurm_job_id': '3830787', 'slurm_array_job_id': '3830660', 'slurm_array_task_id': '45', 'slurm_job_partition': 'rtxpro6k', 'slurm_job_nodelist': 'a2142', 'slurmd_nodename': 'a2142'}",ok,7,24,3.580415559001267,0.07459406000270974,tensegrity+tendon,joint,0.016666666666666666,2,2,1,False,fp32,67108864,1048576,33554432,2097152,8388608,163840,67108864,300,93.56148430548174,23951.739982203326,10.688158780540107,10.3628264987492,10.681986004055943,97.28094800084364,0.00926971435546875,0.021484375,0.009579658508300781,0.021484375,2.75799560546875,3.417144775390625,44.129024505615234,3.5,113.6707142857143,116.46,68.28571428571429,0.0,2825.0,2310.0,44.0,340.754056115414,4436.901772336119,True,0.004150779990595765,0,True,,
1,2026-07-10T15:37:19+0200,Template-Reach-Tensegrity-Tendon-v0,1024,1,30,300,,robot_dof_matrix,1,Template-Reach-Tensegrity-Tendon-v0,1024,46,alex,a2142.nhr.fau.de,NVIDIA RTX PRO 6000 Blackwell Server Edition,97887,610.43.02,12.0,600.00,2430,Enabled,12.0,1,False,True,3.11.15,Linux-5.14.0-687.23.3rrze.el9.x86_64-x86_64-with-glibc2.34,2.7.0+cu128,12.8,90701,0.54.4,,2.1.0,1.2.1,48e6061539ecb56c85b8b799dd6537b249f6a3c6,project/tendonbot-sim-rl,True,"{'slurm_job_id': '3830788', 'slurm_array_job_id': '3830660', 'slurm_array_task_id': '46', 'slurm_job_partition': 'rtxpro6k', 'slurm_job_nodelist': 'a2142', 'slurmd_nodename': 'a2142'}",ok,7,24,4.819693344994448,0.07311419201141689,tensegrity+tendon,joint,0.016666666666666666,2,2,1,False,fp32,67108864,1048576,33554432,2097152,8388608,163840,67108864,300,91.59801549304018,93796.36786487314,10.917267089438003,10.532865504501387,10.978268492181087,94.25935399485752,0.013240337371826172,0.02734375,0.01446676254272461,0.02734375,2.96307373046875,3.9318466186523438,48.0958251953125,5.0,116.46533333333333,120.33,67.53333333333333,0.0,3035.0,2287.0,42.0,377.06088225378744,1227.4117260865478,True,0.004020940003101714,0,True,,
1,2026-07-10T15:37:20+0200,Template-Reach-Tensegrity-Tendon-v0,4096,1,30,300,,robot_dof_matrix,1,Template-Reach-Tensegrity-Tendon-v0,4096,47,alex,a2941.nhr.fau.de,NVIDIA RTX PRO 6000 Blackwell Server Edition,97887,610.43.02,12.0,600.00,2430,Enabled,12.0,1,False,True,3.11.15,Linux-5.14.0-687.23.3rrze.el9.x86_64-x86_64-with-glibc2.34,2.7.0+cu128,12.8,90701,0.54.4,,2.1.0,1.2.1,48e6061539ecb56c85b8b799dd6537b249f6a3c6,project/tendonbot-sim-rl,True,"{'slurm_job_id': '3830660', 'slurm_array_job_id': '3830660', 'slurm_array_task_id': '47', 'slurm_job_partition': 'rtxpro6k', 'slurm_job_nodelist': 'a2941', 'slurmd_nodename': 'a2941'}",ok,7,24,11.007132778002415,0.07369750199723057,tensegrity+tendon,joint,0.016666666666666666,2,2,1,False,fp32,67108864,1048576,33554432,2097152,8388608,163840,67108864,300,86.151187900887,352875.26564203313,11.607501003357658,11.291677998087835,11.572263060224941,92.28262001124676,0.02940225601196289,0.0546875,0.034632205963134766,0.0546875,3.82830810546875,5.8817291259765625,37.89338684082031,3.7,140.059375,147.52,69.5,2.875,3921.0,2333.0,42.0,476.4369729253567,387.72540114368223,True,0.004216228000586852,0,True,,
