method,trial,seed,stage,bank_idx,yaw,mirror,idx_top,idx_move,rest_x_top,rest_y_top,rest_x_move,rest_y_move,rest_dist,target_ratio,meas_ratio,cov_plane,cov_yaw_mean,cov_yaw_max,extent_u,extent_v,drape_below_top,settle_steps,stretch_steps,p95_speed,x_sign,attached_ok,valid
h8_hem,0,88,1,309,5.33368,1,1878,9696,-0.190233,-0.22521,0.209782,-0.341497,0.416575,1.05,1.05466,0.950269,0.688732,0.954301,0.550454,0.717326,0.665926,160,91,0.0751972,-1,1,1
h8_hem,1,88,1,183,4.5205,0,4310,9696,-0.134125,-0.343162,0.209782,-0.341497,0.343926,1.05,1.05687,0.938172,0.666107,0.938172,0.489986,0.732801,0.684848,160,91,0.0746965,-1,1,1
h8_hem,2,88,1,60,1.62775,1,3920,9696,-0.155919,-0.233874,0.209782,-0.341497,0.381208,1.05,1.10547,0.557796,0.450493,0.557796,0.49332,0.70102,0.650154,160,91,0.0779427,-1,1,1
h8_hem,3,88,1,181,4.75437,1,5016,9696,-0.0791311,-0.344654,0.209782,-0.341497,0.288932,1.05,1.12069,0.811828,0.606743,0.811828,0.423608,0.751185,0.702276,160,91,0.0776206,-1,1,1
h8_hem,4,88,1,244,2.8483,0,4636,9696,-0.119313,-0.343678,0.209782,-0.341497,0.329103,1.05,1.08858,0.611559,0.49496,0.611559,0.475785,0.638695,0.578492,160,91,0.0756655,1,1,1
h8_hem,5,88,1,146,3.83259,1,4274,9696,-0.138621,-0.234014,0.209782,-0.341497,0.364607,1.05,1.14723,0.55914,0.445789,0.55914,0.484316,0.70413,0.655725,160,91,0.0769944,1,1,1
h8_hem,6,88,1,60,1.37685,0,3920,9696,-0.155919,-0.233874,0.209782,-0.341497,0.381208,1.05,1.1054,0.555107,0.450381,0.555107,0.494278,0.687407,0.637207,160,91,0.0780845,-1,1,1
h8_hem,7,88,1,24,4.2256,1,2921,9696,-0.175088,-0.296745,0.209782,-0.341497,0.387556,1.05,1.08426,0.530914,0.438956,0.530914,0.508032,0.682426,0.616344,160,91,0.0772797,-1,1,1
h8_hem,8,88,1,290,4.02372,0,4930,9696,-0.0841227,-0.34627,0.209782,-0.341497,0.294066,1.05,0.954113,0.780914,0.590838,0.780914,0.430089,0.723703,0.667645,160,91,0.080202,1,1,1
h8_hem,9,88,1,103,5.27892,1,7750,3848,0.156912,-0.327803,-0.158952,-0.340571,0.316215,1.05,1.09069,0.907258,0.667115,0.907258,0.468855,0.769877,0.698434,160,91,0.0786392,1,1,1
h8_hem,10,88,1,309,0.571474,0,1878,9696,-0.190233,-0.22521,0.209782,-0.341497,0.416575,1.05,1.05243,1.00672,0.714606,1.00806,0.565906,0.715158,0.665871,160,91,0.0756235,1,1,1
h8_hem,11,88,1,309,5.12049,0,1878,9696,-0.190233,-0.22521,0.209782,-0.341497,0.416575,1.05,1.0571,0.877688,0.641913,0.879032,0.557549,0.718379,0.666927,160,91,0.0732577,-1,1,1
h8_hem,12,88,1,112,4.38679,0,8840,3848,0.173417,-0.218949,-0.158952,-0.340571,0.353922,1.05,1.05199,0.556452,0.459229,0.561828,0.480625,0.705784,0.63449,160,91,0.0804599,1,1,1
h8_hem,13,88,1,60,4.09107,0,3920,9696,-0.155919,-0.233874,0.209782,-0.341497,0.381208,1.05,1.06485,0.591398,0.46651,0.592742,0.484017,0.709617,0.658642,160,91,0.0774844,1,1,1
h8_hem,14,88,1,25,0.585873,1,2870,9696,-0.175639,-0.277855,0.209782,-0.341497,0.390642,1.05,1.09771,1.06183,0.744736,1.06183,0.57548,0.717853,0.666598,160,91,0.0736331,-1,1,1
h8_hem,15,88,1,290,3.47647,1,4930,9696,-0.0841227,-0.34627,0.209782,-0.341497,0.294066,1.05,1.03477,0.728495,0.573253,0.728495,0.452133,0.729244,0.657958,160,91,0.0753974,-1,1,1
h8_hem,16,88,1,222,1.07151,1,3934,9696,-0.157372,-0.295391,0.209782,-0.341497,0.370042,1.05,1.1706,0.965054,0.684812,0.965054,0.530682,0.733291,0.686055,160,91,0.073191,-1,1,1
h8_hem,17,88,1,96,0.876562,0,5101,9696,-0.0671816,-0.274177,0.209782,-0.341497,0.285154,1.05,0.959018,0.877688,0.637433,0.877688,0.487069,0.719027,0.671797,160,91,0.0730826,-1,1,1
h8_hem,18,88,1,69,4.83368,0,6992,3848,0.13823,-0.359112,-0.158952,-0.340571,0.29776,1.05,1.04093,0.86828,0.65289,0.86828,0.434021,0.766002,0.69452,160,91,0.0802449,1,1,1
h8_hem,19,88,1,198,4.48076,1,4867,9696,-0.0902119,-0.36517,0.209782,-0.341497,0.301046,1.05,1.1844,0.692204,0.528898,0.692204,0.460269,0.695971,0.645497,160,91,0.0756631,1,1,1
h8_hem,20,88,1,309,1.26938,0,1878,9696,-0.190233,-0.22521,0.209782,-0.341497,0.416575,1.05,1.05558,0.922043,0.675067,0.928763,0.553306,0.717474,0.665931,160,91,0.0781154,1,1,1
h8_hem,21,88,1,222,5.20082,0,3934,9696,-0.157372,-0.295391,0.209782,-0.341497,0.370042,1.05,1.17018,0.958333,0.683916,0.958333,0.538915,0.730998,0.683572,160,91,0.0725335,1,1,1
h8_hem,22,88,1,25,2.13742,1,2870,9696,-0.175639,-0.277855,0.209782,-0.341497,0.390642,1.05,1.11723,0.590054,0.495184,0.598118,0.508988,0.718483,0.663645,160,91,0.0732284,1,1,1
h8_hem,23,88,1,255,4.63469,0,5114,9696,-0.0685005,-0.350491,0.209782,-0.341497,0.278557,1.05,1.04788,0.763441,0.591286,0.763441,0.476445,0.749742,0.682091,160,91,0.0770736,-1,1,1
h8_hem,24,88,1,309,0.810324,1,1878,9696,-0.190233,-0.22521,0.209782,-0.341497,0.416575,1.05,1.04584,0.994624,0.702509,0.994624,0.564474,0.717064,0.667702,160,91,0.0769663,-1,1,1
h8_hem,25,88,1,24,4.995,0,2921,9696,-0.175088,-0.296745,0.209782,-0.341497,0.387556,1.05,1.08263,0.895161,0.671819,0.918011,0.50127,0.720067,0.667485,160,91,0.0753981,-1,1,1
h8_hem,26,88,1,25,4.84031,1,2870,9696,-0.175639,-0.277855,0.209782,-0.341497,0.390642,1.05,1.09149,0.889785,0.656698,0.90457,0.510659,0.728145,0.673354,160,91,0.0757504,-1,1,1
h8_hem,27,88,1,346,2.72504,1,6883,3848,0.119856,-0.264549,-0.158952,-0.340571,0.289016,1.05,1.04469,0.864247,0.639673,0.864247,0.523641,0.761749,0.690192,160,91,0.0772777,-1,1,1
h8_hem,28,88,1,168,0.51226,0,4388,9696,-0.122911,-0.252378,0.209782,-0.341497,0.344424,1.05,1.04889,0.897849,0.65625,0.897849,0.49957,0.722691,0.674459,160,91,0.0825695,1,1,1
h8_hem,29,88,1,112,1.4067,0,8840,3848,0.173417,-0.218949,-0.158952,-0.340571,0.353922,1.05,1.052,0.549731,0.459901,0.555107,0.481263,0.702457,0.631466,160,91,0.0774197,-1,1,1
h8_hem,30,88,1,198,4.85878,1,4867,9696,-0.0902119,-0.36517,0.209782,-0.341497,0.301046,1.05,1.20129,0.708333,0.535394,0.708333,0.458358,0.700455,0.647961,160,91,0.0773164,1,1,1
h8_hem,31,88,1,222,2.74093,1,3934,9696,-0.157372,-0.295391,0.209782,-0.341497,0.370042,1.05,1.08812,0.975806,0.687276,0.975806,0.50635,0.733958,0.687153,160,91,0.0727049,-1,1,1
h8_hem,32,88,1,112,2.23617,1,8840,3848,0.173417,-0.218949,-0.158952,-0.340571,0.353922,1.05,1.04638,0.543011,0.418683,0.543011,0.52177,0.696467,0.626941,160,91,0.0769448,1,1,1
h8_hem,33,88,1,309,5.18933,1,1878,9696,-0.190233,-0.22521,0.209782,-0.341497,0.416575,1.05,1.05512,0.93414,0.679771,0.93414,0.548026,0.715571,0.666225,160,91,0.0739428,-1,1,1
h8_hem,34,88,1,69,5.94095,1,6992,3848,0.13823,-0.359112,-0.158952,-0.340571,0.29776,1.05,0.999442,0.873656,0.642809,0.873656,0.445115,0.769519,0.697709,160,91,0.0758595,-1,1,1
h8_hem,35,88,1,116,2.7217,0,4458,9696,-0.122601,-0.278692,0.209782,-0.341497,0.338268,1.05,1.19154,0.811828,0.612567,0.834677,0.466302,0.723966,0.675574,160,91,0.0777609,1,1,1
h8_hem,36,88,1,146,3.3606,0,4274,9696,-0.138621,-0.234014,0.209782,-0.341497,0.364607,1.05,0.953244,0.575269,0.43862,0.575269,0.502421,0.708567,0.660584,160,91,0.0752853,1,1,1
h8_hem,37,88,1,60,5.71428,1,3920,9696,-0.155919,-0.233874,0.209782,-0.341497,0.381208,1.05,1.047,0.557796,0.433692,0.557796,0.497767,0.686265,0.636402,160,91,0.0763512,1,1,1
h8_hem,38,88,1,214,3.7895,1,4384,9696,-0.121683,-0.225555,0.209782,-0.341497,0.35126,1.05,1.15333,0.775538,0.577733,0.775538,0.472449,0.714201,0.665656,160,91,0.0756619,1,1,1
h8_hem,39,88,1,244,5.46335,1,4636,9696,-0.119313,-0.343678,0.209782,-0.341497,0.329103,1.05,0.994577,0.658602,0.519153,0.670699,0.489794,0.644685,0.577291,160,91,0.0768417,1,1,1
h8_hem,40,88,1,112,4.94407,1,8840,3848,0.173417,-0.218949,-0.158952,-0.340571,0.353922,1.05,1.053,0.552419,0.458781,0.560484,0.480898,0.705407,0.634063,160,91,0.0794095,1,1,1
h8_hem,41,88,1,103,2.87155,1,7750,3848,0.156912,-0.327803,-0.158952,-0.340571,0.316215,1.05,1.11237,0.864247,0.645049,0.865591,0.445774,0.767311,0.695621,160,91,0.0797438,-1,1,1
h8_hem,42,88,1,24,4.99719,1,2921,9696,-0.175088,-0.296745,0.209782,-0.341497,0.387556,1.05,1.10591,0.552419,0.456877,0.555107,0.498461,0.696098,0.640221,160,91,0.0739559,-1,1,1
h8_hem,43,88,1,96,3.64588,1,5101,9696,-0.0671816,-0.274177,0.209782,-0.341497,0.285154,1.05,1.20124,0.806452,0.623768,0.817204,0.441828,0.716002,0.668563,160,91,0.0789222,1,1,1
h8_hem,44,88,1,290,2.71942,1,4930,9696,-0.0841227,-0.34627,0.209782,-0.341497,0.294066,1.05,0.972196,0.754032,0.598342,0.75672,0.444199,0.73425,0.664043,160,91,0.080293,-1,1,1
h8_hem,45,88,1,103,4.39352,0,7750,3848,0.156912,-0.327803,-0.158952,-0.340571,0.316215,1.05,1.07921,0.905914,0.675179,0.905914,0.476904,0.770228,0.698934,160,91,0.109795,1,1,1
h8_hem,46,88,1,103,6.1725,1,7750,3848,0.156912,-0.327803,-0.158952,-0.340571,0.316215,1.05,1.11327,0.861559,0.640457,0.861559,0.44767,0.767309,0.695876,160,91,0.0822467,1,1,1
h8_hem,47,88,1,146,6.031,0,4274,9696,-0.138621,-0.234014,0.209782,-0.341497,0.364607,1.05,1.16012,0.561828,0.440524,0.561828,0.488956,0.700132,0.651488,160,91,0.0774392,1,1,1
h8_hem,48,88,1,181,5.12318,0,5016,9696,-0.0791311,-0.344654,0.209782,-0.341497,0.288932,1.05,1.10463,0.810484,0.599574,0.810484,0.398097,0.751527,0.703147,101,87,0.100316,-1,1,1
h8_hem,49,88,1,214,5.51404,1,4384,9696,-0.121683,-0.225555,0.209782,-0.341497,0.35126,1.05,0.974559,0.888441,0.633512,0.888441,0.502023,0.718918,0.670428,101,87,0.0746369,1,1,1
h8_hem,50,88,1,255,6.2034,0,5114,9696,-0.0685005,-0.350491,0.209782,-0.341497,0.278557,1.05,0.947124,0.793011,0.597558,0.793011,0.420678,0.744852,0.689265,101,87,0.078722,-1,1,1
h8_hem,51,88,1,183,4.02909,0,4310,9696,-0.134125,-0.343162,0.209782,-0.341497,0.343926,1.05,1.07175,0.943548,0.675963,0.943548,0.509403,0.734949,0.687381,101,87,0.0780349,-1,1,1
h8_hem,52,88,1,280,1.1625,1,3801,9696,-0.160473,-0.32718,0.209782,-0.341497,0.370537,1.05,1.06496,0.571237,0.440748,0.571237,0.520053,0.618654,0.553719,101,87,0.082873,-1,1,1
h8_hem,53,88,1,214,1.78844,0,4384,9696,-0.121683,-0.225555,0.209782,-0.341497,0.35126,1.05,1.09005,0.848118,0.613799,0.848118,0.497526,0.7166,0.668104,101,87,0.0764652,-1,1,1
h8_hem,54,88,1,244,4.21801,1,4636,9696,-0.119313,-0.343678,0.209782,-0.341497,0.329103,1.05,1.13086,0.630376,0.484207,0.630376,0.496754,0.638974,0.579559,101,87,0.0736038,-1,1,1
h8_hem,55,88,1,69,5.69307,0,6992,3848,0.13823,-0.359112,-0.158952,-0.340571,0.29776,1.05,1.00099,0.872312,0.647513,0.872312,0.421906,0.767846,0.69612,101,87,0.112082,1,1,1
h8_hem,56,88,1,290,2.83294,0,4930,9696,-0.0841227,-0.34627,0.209782,-0.341497,0.294066,1.05,1.03135,0.733871,0.578965,0.733871,0.45107,0.730906,0.657754,101,87,0.0769022,1,1,1
h8_hem,57,88,1,198,2.27439,1,4867,9696,-0.0902119,-0.36517,0.209782,-0.341497,0.301046,1.05,1.19457,0.721774,0.537298,0.721774,0.455787,0.705126,0.650254,101,87,0.0806218,-1,1,1
h8_hem,58,88,1,112,5.98533,0,8840,3848,0.173417,-0.218949,-0.158952,-0.340571,0.353922,1.05,1.04619,0.564516,0.444668,0.564516,0.515985,0.695853,0.627278,101,87,0.0765089,1,1,1
h8_hem,59,88,1,96,1.81739,1,5101,9696,-0.0671816,-0.274177,0.209782,-0.341497,0.285154,1.05,1.02871,0.879032,0.637321,0.879032,0.488993,0.717812,0.670896,101,87,0.0778749,-1,1,1
h8_hem,60,88,1,181,2.59899,1,5016,9696,-0.0791311,-0.344654,0.209782,-0.341497,0.288932,1.05,1.09722,0.819892,0.623656,0.819892,0.45525,0.750355,0.701998,101,87,0.0801375,1,1,1
h8_hem,61,88,1,290,2.97792,0,4930,9696,-0.0841227,-0.34627,0.209782,-0.341497,0.294066,1.05,1.01788,0.733871,0.580645,0.733871,0.44306,0.739985,0.664214,101,87,0.0777327,1,1,1
h8_hem,62,88,1,69,0.235163,0,6992,3848,0.13823,-0.359112,-0.158952,-0.340571,0.29776,1.05,0.996711,0.866935,0.638553,0.866935,0.442547,0.77084,0.699109,101,87,0.0823399,1,1,1
h8_hem,63,88,1,198,1.98216,1,4867,9696,-0.0902119,-0.36517,0.209782,-0.341497,0.301046,1.05,1.20432,0.715054,0.535394,0.715054,0.425812,0.706044,0.65254,101,87,0.0796148,-1,1,1
h8_hem,64,88,1,309,0.44121,1,1878,9696,-0.190233,-0.22521,0.209782,-0.341497,0.416575,1.05,1.04687,1.01478,0.708445,1.01478,0.57987,0.714532,0.665242,101,87,0.0782039,-1,1,1
h8_hem,65,88,1,244,2.82773,0,4636,9696,-0.119313,-0.343678,0.209782,-0.341497,0.329103,1.05,1.0878,0.635753,0.507616,0.635753,0.471907,0.646467,0.584437,101,87,0.0748422,1,1,1
h8_hem,66,88,1,346,1.5369,0,6883,3848,0.119856,-0.264549,-0.158952,-0.340571,0.289016,1.05,0.919437,0.837366,0.610887,0.837366,0.418712,0.762576,0.689301,101,87,0.0842409,-1,1,1
h8_hem,67,88,1,280,0.165272,1,3801,9696,-0.160473,-0.32718,0.209782,-0.341497,0.370537,1.05,1.03607,0.560484,0.47379,0.560484,0.499576,0.62784,0.55465,101,87,0.075286,-1,1,1
h8_hem,68,88,1,290,1.17853,0,4930,9696,-0.0841227,-0.34627,0.209782,-0.341497,0.294066,1.05,0.955162,0.784946,0.59487,0.791667,0.434319,0.72219,0.662505,101,87,0.0785346,-1,1,1
h8_hem,69,88,1,222,4.38635,0,3934,9696,-0.157372,-0.295391,0.209782,-0.341497,0.370042,1.05,1.16205,0.991935,0.705757,0.991935,0.54487,0.733119,0.686325,101,87,0.0786546,1,1,1
h8_hem,70,88,1,69,3.5054,1,6992,3848,0.13823,-0.359112,-0.158952,-0.340571,0.29776,1.05,0.996266,0.866935,0.649194,0.866935,0.431201,0.769277,0.69759,101,87,0.0797655,1,1,1
h8_hem,71,88,1,255,0.491381,0,5114,9696,-0.0685005,-0.350491,0.209782,-0.341497,0.278557,1.05,1.13565,0.798387,0.589718,0.798387,0.484211,0.734777,0.683588,101,87,0.0761675,1,1,1
h8_hem,72,88,1,25,1.32847,0,2870,9696,-0.175639,-0.277855,0.209782,-0.341497,0.390642,1.05,1.10014,0.599462,0.485103,0.599462,0.510295,0.718701,0.662274,101,87,0.0769049,1,1,1
h8_hem,73,88,1,181,4.24197,0,5016,9696,-0.0791311,-0.344654,0.209782,-0.341497,0.288932,1.05,1.11429,0.813172,0.613127,0.813172,0.434272,0.750579,0.702271,101,87,0.0777269,-1,1,1
h8_hem,74,88,1,181,4.58297,0,5016,9696,-0.0791311,-0.344654,0.209782,-0.341497,0.288932,1.05,1.11571,0.817204,0.607191,0.817204,0.426288,0.750847,0.702502,101,87,0.0797781,-1,1,1
h8_hem,75,88,1,168,1.4811,0,4388,9696,-0.122911,-0.252378,0.209782,-0.341497,0.344424,1.05,1.14453,0.821236,0.607863,0.831989,0.506041,0.721535,0.673592,101,87,0.0939791,1,1,1
h8_hem,76,88,1,290,2.39829,1,4930,9696,-0.0841227,-0.34627,0.209782,-0.341497,0.294066,1.05,0.955819,0.747312,0.599238,0.754032,0.426054,0.72847,0.667119,101,87,0.0779614,-1,1,1
h8_hem,77,88,1,112,6.0553,1,8840,3848,0.173417,-0.218949,-0.158952,-0.340571,0.353922,1.05,1.04468,0.569892,0.43806,0.569892,0.53637,0.701707,0.631973,101,87,0.0765589,-1,1,1
h8_hem,78,88,1,24,0.282117,1,2921,9696,-0.175088,-0.296745,0.209782,-0.341497,0.387556,1.05,1.05633,1.09274,0.762769,1.09274,0.569931,0.719005,0.666417,101,87,0.0739648,-1,1,1
h8_hem,79,88,1,25,5.36394,0,2870,9696,-0.175639,-0.277855,0.209782,-0.341497,0.390642,1.05,1.0326,0.846774,0.610887,0.846774,0.508251,0.727217,0.676048,101,87,0.08089,-1,1,1
h8_hem,80,88,1,69,2.45117,0,6992,3848,0.13823,-0.359112,-0.158952,-0.340571,0.29776,1.05,1.00677,0.887097,0.661178,0.887097,0.427077,0.7666,0.695312,101,87,0.0793445,-1,1,1
h8_hem,81,88,1,290,4.35253,0,4930,9696,-0.0841227,-0.34627,0.209782,-0.341497,0.294066,1.05,0.954363,0.78629,0.593078,0.790323,0.434936,0.72522,0.667686,101,87,0.081735,1,1,1
h8_hem,82,88,1,255,4.70215,0,5114,9696,-0.0685005,-0.350491,0.209782,-0.341497,0.278557,1.05,1.03939,0.752688,0.590502,0.752688,0.467627,0.755704,0.682923,101,87,0.0804909,-1,1,1
h8_hem,83,88,1,39,0.0914223,0,4259,9696,-0.138444,-0.32703,0.209782,-0.341497,0.34853,1.05,1.08693,0.676075,0.509969,0.676075,0.498507,0.634865,0.576678,101,87,0.0769159,1,1,1
h8_hem,84,88,1,255,5.19422,1,5114,9696,-0.0685005,-0.350491,0.209782,-0.341497,0.278557,1.05,1.08567,0.776882,0.585349,0.776882,0.488132,0.741156,0.681407,101,87,0.0799139,-1,1,1
h8_hem,85,88,1,24,4.17131,1,2921,9696,-0.175088,-0.296745,0.209782,-0.341497,0.387556,1.05,1.08056,0.517473,0.4319,0.524194,0.510529,0.679654,0.612988,101,87,0.0783275,-1,1,1
h8_hem,86,88,1,280,3.76863,1,3801,9696,-0.160473,-0.32718,0.209782,-0.341497,0.370537,1.05,1.05584,0.580645,0.46707,0.580645,0.529622,0.622848,0.554317,101,87,0.129725,1,1,1
h8_hem,87,88,1,103,1.81016,0,7750,3848,0.156912,-0.327803,-0.158952,-0.340571,0.316215,1.05,1.04306,0.909946,0.660618,0.909946,0.491964,0.769827,0.697745,101,87,0.0809936,-1,1,1
h8_hem,88,88,1,214,3.25921,1,4384,9696,-0.121683,-0.225555,0.209782,-0.341497,0.35126,1.05,1.17201,0.748656,0.558356,0.75672,0.475601,0.713062,0.664593,101,87,0.0782846,1,1,1
h8_hem,89,88,1,103,5.81801,1,7750,3848,0.156912,-0.327803,-0.158952,-0.340571,0.316215,1.05,1.10978,0.899194,0.658714,0.899194,0.448986,0.769098,0.69761,101,87,0.0856041,1,1,1
h8_hem,90,88,1,112,0.102174,1,8840,3848,0.173417,-0.218949,-0.158952,-0.340571,0.353922,1.05,1.04408,0.573925,0.445004,0.573925,0.524403,0.701501,0.632192,101,87,0.0778855,-1,1,1
h8_hem,91,88,1,103,5.74691,0,7750,3848,0.156912,-0.327803,-0.158952,-0.340571,0.316215,1.05,1.00018,0.895161,0.656138,0.895161,0.453329,0.770543,0.698658,101,87,0.0767917,1,1,1
h8_hem,92,88,1,96,0.769353,1,5101,9696,-0.0671816,-0.274177,0.209782,-0.341497,0.285154,1.05,1.17908,0.817204,0.626568,0.817204,0.447323,0.713289,0.665743,101,87,0.0839596,-1,1,1
h8_hem,93,88,1,60,5.71497,0,3920,9696,-0.155919,-0.233874,0.209782,-0.341497,0.381208,1.05,1.12882,0.579301,0.446685,0.579301,0.502138,0.692093,0.641617,101,87,0.0770078,1,1,1
h8_hem,94,88,1,183,0.336466,1,4310,9696,-0.134125,-0.343162,0.209782,-0.341497,0.343926,1.05,1.0758,0.942204,0.690748,0.942204,0.493902,0.739053,0.691432,101,87,0.0771707,-1,1,1
h8_hem,95,88,1,290,3.07225,1,4930,9696,-0.0841227,-0.34627,0.209782,-0.341497,0.294066,1.05,1.00032,0.736559,0.588822,0.736559,0.45006,0.744375,0.659798,101,87,0.0768436,-1,1,1
h8_hem,96,88,1,198,4.22399,1,4867,9696,-0.0902119,-0.36517,0.209782,-0.341497,0.301046,1.05,1.16387,0.702957,0.536066,0.702957,0.466862,0.698045,0.646465,109,92,0.07662,1,1,1
h8_hem,97,88,1,309,4.01204,1,1878,9696,-0.190233,-0.22521,0.209782,-0.341497,0.416575,1.05,1.05674,0.856183,0.62444,0.856183,0.547092,0.717082,0.667594,109,92,0.0727691,-1,1,1
h8_hem,98,88,1,116,5.7266,1,4458,9696,-0.122601,-0.278692,0.209782,-0.341497,0.338268,1.05,1.01502,0.973118,0.688508,0.973118,0.496188,0.725806,0.677282,109,92,0.077446,-1,1,1
h8_hem,99,88,1,116,3.06798,1,4458,9696,-0.122601,-0.278692,0.209782,-0.341497,0.338268,1.05,1.16227,0.776882,0.580869,0.799731,0.461069,0.726388,0.677831,109,92,0.0816088,-1,1,1
h8_hem,100,88,1,24,3.28988,0,2921,9696,-0.175088,-0.296745,0.209782,-0.341497,0.387556,1.05,1.10641,0.552419,0.430892,0.552419,0.556623,0.666533,0.605476,109,92,0.0766062,-1,1,1
h8_hem,101,88,1,244,0.153374,1,4636,9696,-0.119313,-0.343678,0.209782,-0.341497,0.329103,1.05,1.07433,0.603495,0.499104,0.603495,0.476326,0.642034,0.57848,109,92,0.0746621,1,1,1
h8_hem,102,88,1,255,1.85953,0,5114,9696,-0.0685005,-0.350491,0.209782,-0.341497,0.278557,1.05,1.00388,0.775538,0.608087,0.775538,0.456184,0.760153,0.683919,109,92,0.0794974,1,1,1
h8_hem,103,88,1,168,4.2277,1,4388,9696,-0.122911,-0.252378,0.209782,-0.341497,0.344424,1.05,1.16787,0.755376,0.571797,0.760753,0.469695,0.721862,0.673649,109,92,0.0860339,-1,1,1
h8_hem,104,88,1,168,0.777713,1,4388,9696,-0.122911,-0.252378,0.209782,-0.341497,0.344424,1.05,1.16645,0.755376,0.569444,0.758064,0.470511,0.722908,0.674946,109,92,0.0764091,1,1,1
h8_hem,105,88,1,25,3.52981,0,2870,9696,-0.175639,-0.277855,0.209782,-0.341497,0.390642,1.05,1.13,0.978495,0.723006,1.01344,0.543434,0.718041,0.666881,109,92,0.0733188,-1,1,1
h8_hem,106,88,1,69,0.0960223,0,6992,3848,0.13823,-0.359112,-0.158952,-0.340571,0.29776,1.05,0.994933,0.854839,0.644937,0.854839,0.436115,0.772713,0.701017,109,92,0.078441,1,1,1
h8_hem,107,88,1,214,5.55486,0,4384,9696,-0.121683,-0.225555,0.209782,-0.341497,0.35126,1.05,1.14784,0.780914,0.582213,0.780914,0.481796,0.714331,0.665937,109,92,0.0787079,1,1,1
h8_hem,108,88,1,168,0.764502,0,4388,9696,-0.122911,-0.252378,0.209782,-0.341497,0.344424,1.05,1.07805,0.865591,0.638441,0.865591,0.491286,0.721686,0.673745,109,92,0.0797429,1,1,1
h8_hem,109,88,1,222,3.18222,0,3934,9696,-0.157372,-0.295391,0.209782,-0.341497,0.370042,1.05,1.07269,0.930108,0.65681,0.930108,0.495583,0.729725,0.682911,109,92,0.0734258,-1,1,1
h8_hem,110,88,1,214,2.73147,1,4384,9696,-0.121683,-0.225555,0.209782,-0.341497,0.35126,1.05,0.945266,0.872312,0.632504,0.872312,0.497485,0.720508,0.671896,109,92,0.0744566,-1,1,1
h8_hem,111,88,1,244,1.57643,0,4636,9696,-0.119313,-0.343678,0.209782,-0.341497,0.329103,1.05,1.13721,0.668011,0.49608,0.668011,0.510312,0.639608,0.579595,109,92,0.0817158,1,1,1
h8_hem,112,88,1,103,1.68407,0,7750,3848,0.156912,-0.327803,-0.158952,-0.340571,0.316215,1.05,1.05157,0.915323,0.671259,0.915323,0.497453,0.770305,0.698499,109,92,0.0791045,-1,1,1
h8_hem,113,88,1,96,2.79915,0,5101,9696,-0.0671816,-0.274177,0.209782,-0.341497,0.285154,1.05,1.20714,0.790323,0.611447,0.794355,0.446135,0.714389,0.66732,109,92,0.0813989,-1,1,1
h8_hem,114,88,1,116,3.2564,1,4458,9696,-0.122601,-0.278692,0.209782,-0.341497,0.338268,1.05,1.1767,0.772849,0.589606,0.814516,0.462189,0.725551,0.677187,109,92,0.0768092,-1,1,1
h8_hem,115,88,1,39,5.17618,0,4259,9696,-0.138444,-0.32703,0.209782,-0.341497,0.34853,1.05,1.02904,0.694892,0.548387,0.700269,0.505793,0.636805,0.57398,109,92,0.0777116,-1,1,1
h8_hem,116,88,1,222,5.39788,1,3934,9696,-0.157372,-0.295391,0.209782,-0.341497,0.370042,1.05,1.13814,1.00538,0.703965,1.00538,0.536259,0.735858,0.689138,109,92,0.076822,1,1,1
h8_hem,117,88,1,69,0.0728899,1,6992,3848,0.13823,-0.359112,-0.158952,-0.340571,0.29776,1.05,0.995562,0.88172,0.654682,0.88172,0.428967,0.766589,0.695216,109,92,0.0789165,-1,1,1
h8_hem,118,88,1,290,2.39895,1,4930,9696,-0.0841227,-0.34627,0.209782,-0.341497,0.294066,1.05,0.955445,0.770161,0.589494,0.770161,0.428314,0.732874,0.667688,109,92,0.0876362,-1,1,1
h8_hem,119,88,1,346,5.52552,0,6883,3848,0.119856,-0.264549,-0.158952,-0.340571,0.289016,1.05,1.18113,0.857527,0.618952,0.857527,0.487275,0.757712,0.686072,109,92,0.0836863,-1,1,1
h8_hem,120,88,1,168,6.22445,0,4388,9696,-0.122911,-0.252378,0.209782,-0.341497,0.344424,1.05,0.984847,0.930108,0.661514,0.930108,0.514443,0.722302,0.674339,109,92,0.0750996,1,1,1
h8_hem,121,88,1,214,5.11545,0,4384,9696,-0.121683,-0.225555,0.209782,-0.341497,0.35126,1.05,1.11008,0.836021,0.611783,0.836021,0.500277,0.715529,0.66704,109,92,0.0783467,1,1,1
h8_hem,122,88,1,222,1.14024,0,3934,9696,-0.157372,-0.295391,0.209782,-0.341497,0.370042,1.05,1.15625,0.994624,0.708109,0.994624,0.553192,0.734143,0.687766,109,92,0.0759786,-1,1,1
h8_hem,123,88,1,244,0.75085,0,4636,9696,-0.119313,-0.343678,0.209782,-0.341497,0.329103,1.05,0.998839,0.657258,0.516689,0.672043,0.49104,0.645591,0.57859,109,92,0.0791118,-1,1,1
h8_hem,124,88,1,255,6.14549,1,5114,9696,-0.0685005,-0.350491,0.209782,-0.341497,0.278557,1.05,1.15299,0.782258,0.577285,0.782258,0.454955,0.736215,0.687532,109,92,0.0786632,-1,1,1
h8_hem,125,88,1,96,0.912419,0,5101,9696,-0.0671816,-0.274177,0.209782,-0.341497,0.285154,1.05,0.966127,0.88172,0.636425,0.88172,0.488178,0.717464,0.670133,109,92,0.0721165,-1,1,1
h8_hem,126,88,1,290,0.0726167,1,4930,9696,-0.0841227,-0.34627,0.209782,-0.341497,0.294066,1.05,1.01519,0.736559,0.588262,0.736559,0.471158,0.73836,0.662588,109,92,0.0755561,1,1,1
h8_hem,127,88,1,24,2.79873,0,2921,9696,-0.175088,-0.296745,0.209782,-0.341497,0.387556,1.05,1.08395,0.513441,0.408602,0.521505,0.568795,0.666881,0.604114,109,92,0.077762,-1,1,1
h8_hem,128,88,1,181,4.28923,1,5016,9696,-0.0791311,-0.344654,0.209782,-0.341497,0.288932,1.05,1.1041,0.797043,0.595542,0.797043,0.3978,0.751643,0.703256,109,92,0.0774617,-1,1,1
h8_hem,129,88,1,39,0.239921,1,4259,9696,-0.138444,-0.32703,0.209782,-0.341497,0.34853,1.05,1.0889,0.68414,0.513777,0.68414,0.521257,0.632779,0.576107,109,92,0.0785955,-1,1,1
h8_hem,130,88,1,309,0.982457,0,1878,9696,-0.190233,-0.22521,0.209782,-0.341497,0.416575,1.05,1.05394,0.961021,0.698813,0.983871,0.549665,0.715462,0.666075,109,92,0.0777297,1,1,1
h8_hem,131,88,1,198,4.18152,1,4867,9696,-0.0902119,-0.36517,0.209782,-0.341497,0.301046,1.05,1.1593,0.68414,0.53293,0.68414,0.447051,0.700269,0.648071,109,92,0.077644,1,1,1
h8_hem,132,88,1,168,2.2083,1,4388,9696,-0.122911,-0.252378,0.209782,-0.341497,0.344424,1.05,1.09587,0.860215,0.635305,0.861559,0.499207,0.721638,0.673652,109,92,0.0958681,1,1,1
h8_hem,133,88,1,255,1.57822,0,5114,9696,-0.0685005,-0.350491,0.209782,-0.341497,0.278557,1.05,1.03979,0.762097,0.591958,0.762097,0.474304,0.757263,0.685253,109,92,0.0744566,1,1,1
h8_hem,134,88,1,39,3.77911,1,4259,9696,-0.138444,-0.32703,0.209782,-0.341497,0.34853,1.05,1.01741,0.724462,0.568548,0.744624,0.502601,0.63779,0.576583,109,92,0.0783719,-1,1,1
h8_hem,135,88,1,116,3.10242,0,4458,9696,-0.122601,-0.278692,0.209782,-0.341497,0.338268,1.05,1.17093,0.788978,0.59151,0.806452,0.462888,0.724705,0.676278,109,92,0.0765646,1,1,1
h8_hem,136,88,1,214,1.18416,0,4384,9696,-0.121683,-0.225555,0.209782,-0.341497,0.35126,1.05,1.01734,0.875,0.635193,0.875,0.517095,0.717661,0.669202,109,92,0.0760339,-1,1,1
h8_hem,137,88,1,24,3.77534,1,2921,9696,-0.175088,-0.296745,0.209782,-0.341497,0.387556,1.05,1.0496,0.528226,0.430332,0.530914,0.525386,0.678314,0.613549,109,92,0.0769803,-1,1,1
h8_hem,138,88,1,214,0.697103,0,4384,9696,-0.121683,-0.225555,0.209782,-0.341497,0.35126,1.05,0.964159,0.88172,0.630376,0.88172,0.508888,0.71729,0.667792,109,92,0.0750041,-1,1,1
h8_hem,139,88,1,96,4.14435,1,5101,9696,-0.0671816,-0.274177,0.209782,-0.341497,0.285154,1.05,1.15468,0.833333,0.646505,0.853495,0.453278,0.717014,0.669672,109,92,0.0848986,1,1,1
h8_hem,140,88,1,60,3.37826,0,3920,9696,-0.155919,-0.233874,0.209782,-0.341497,0.381208,1.05,1.01031,0.975806,0.687948,0.975806,0.550407,0.723979,0.672974,109,92,0.0927904,1,1,1
h8_hem,141,88,1,103,1.88784,0,7750,3848,0.156912,-0.327803,-0.158952,-0.340571,0.316215,1.05,1.03869,0.908602,0.659834,0.908602,0.490276,0.768766,0.697427,109,92,0.0975403,-1,1,1
h8_hem,142,88,1,24,2.55405,1,2921,9696,-0.175088,-0.296745,0.209782,-0.341497,0.387556,1.05,1.12375,0.543011,0.427419,0.544355,0.536512,0.668855,0.606154,109,92,0.0778937,1,1,1
h8_hem,143,88,1,222,1.85942,0,3934,9696,-0.157372,-0.295391,0.209782,-0.341497,0.370042,1.05,1.17317,0.971774,0.695116,0.971774,0.556601,0.731969,0.685518,109,92,0.0808128,-1,1,1
h8_hem,144,88,1,168,1.31343,0,4388,9696,-0.122911,-0.252378,0.209782,-0.341497,0.344424,1.05,1.13243,0.84543,0.619736,0.84543,0.509849,0.721961,0.674009,160,79,0.0754804,1,1,1
h8_hem,145,88,1,181,1.69027,1,5016,9696,-0.0791311,-0.344654,0.209782,-0.341497,0.288932,1.05,1.11843,0.819892,0.606519,0.819892,0.427586,0.751664,0.702969,160,79,0.0778217,1,1,1
h8_hem,146,88,1,244,2.17911,1,4636,9696,-0.119313,-0.343678,0.209782,-0.341497,0.329103,1.05,0.985833,0.698925,0.538306,0.71371,0.48612,0.650262,0.584429,160,79,0.077806,-1,1,1
h8_hem,147,88,1,346,1.03471,1,6883,3848,0.119856,-0.264549,-0.158952,-0.340571,0.289016,1.05,1.19104,0.829301,0.602711,0.834677,0.467315,0.758472,0.686791,160,79,0.0837497,1,1,1
h8_hem,148,88,1,168,0.593352,0,4388,9696,-0.122911,-0.252378,0.209782,-0.341497,0.344424,1.05,1.05742,0.883065,0.651994,0.893817,0.492941,0.722744,0.674661,160,79,0.102996,1,1,1
h8_hem,149,88,1,69,1.59205,1,6992,3848,0.13823,-0.359112,-0.158952,-0.340571,0.29776,1.05,1.04798,0.884409,0.654682,0.884409,0.440366,0.763823,0.692374,160,79,0.081487,-1,1,1
h8_hem,150,88,1,244,2.40257,1,4636,9696,-0.119313,-0.343678,0.209782,-0.341497,0.329103,1.05,1.00175,0.676075,0.526882,0.692204,0.4921,0.64751,0.579954,160,79,0.0792606,-1,1,1
h8_hem,151,88,1,198,3.83551,1,4867,9696,-0.0902119,-0.36517,0.209782,-0.341497,0.301046,1.05,1.11943,0.701613,0.553203,0.701613,0.462814,0.707746,0.649363,160,79,0.0739519,1,1,1
h8_hem,152,88,1,103,4.47707,0,7750,3848,0.156912,-0.327803,-0.158952,-0.340571,0.316215,1.05,1.07332,0.916667,0.677083,0.923387,0.493361,0.770743,0.699074,160,79,0.0927052,1,1,1
h8_hem,153,88,1,222,2.85112,0,3934,9696,-0.157372,-0.295391,0.209782,-0.341497,0.370042,1.05,1.11016,0.926075,0.670363,0.926075,0.48455,0.729501,0.682721,160,79,0.0815715,-1,1,1
h8_hem,154,88,1,168,1.87742,1,4388,9696,-0.122911,-0.252378,0.209782,-0.341497,0.344424,1.05,1.12802,0.846774,0.622424,0.849462,0.506731,0.72096,0.672979,160,79,0.0785737,1,1,1
h8_hem,155,88,1,181,0.222515,0,5016,9696,-0.0791311,-0.344654,0.209782,-0.341497,0.288932,1.05,1.08124,0.833333,0.626232,0.833333,0.444026,0.752158,0.703771,160,79,0.0738549,1,1,1
h8_hem,156,88,1,255,2.27526,0,5114,9696,-0.0685005,-0.350491,0.209782,-0.341497,0.278557,1.05,0.970898,0.77957,0.612791,0.77957,0.421338,0.776778,0.686464,160,79,0.0786938,1,1,1
h8_hem,157,88,1,309,3.4334,0,1878,9696,-0.190233,-0.22521,0.209782,-0.341497,0.416575,1.05,1.05096,1.02016,0.715726,1.02016,0.579035,0.714416,0.665055,160,79,0.0734831,-1,1,1
h8_hem,158,88,1,181,3.84521,0,5016,9696,-0.0791311,-0.344654,0.209782,-0.341497,0.288932,1.05,1.10393,0.813172,0.616487,0.813172,0.451255,0.751168,0.702734,160,79,0.0885251,-1,1,1
h8_hem,159,88,1,255,1.36296,1,5114,9696,-0.0685005,-0.350491,0.209782,-0.341497,0.278557,1.05,1.0157,0.744624,0.594086,0.744624,0.442991,0.757974,0.683847,160,79,0.0747417,1,1,1
h8_hem,160,88,1,198,0.240783,0,4867,9696,-0.0902119,-0.36517,0.209782,-0.341497,0.301046,1.05,0.981611,0.719086,0.549619,0.721774,0.417963,0.698318,0.64614,160,79,0.079488,1,1,1
h8_hem,161,88,1,69,4.68933,1,6992,3848,0.13823,-0.359112,-0.158952,-0.340571,0.29776,1.05,1.0449,0.88172,0.652218,0.88172,0.448171,0.767652,0.695892,160,79,0.0800868,1,1,1
h8_hem,162,88,1,168,4.62922,1,4388,9696,-0.122911,-0.252378,0.209782,-0.341497,0.344424,1.05,1.1552,0.806452,0.596774,0.807796,0.4877,0.72132,0.673341,160,79,0.0820967,-1,1,1
h8_hem,163,88,1,244,4.75878,1,4636,9696,-0.119313,-0.343678,0.209782,-0.341497,0.329103,1.05,1.13767,0.645161,0.485775,0.650538,0.513492,0.639083,0.581171,160,79,0.0805679,-1,1,1
h8_hem,164,88,1,183,5.44425,0,4310,9696,-0.134125,-0.343162,0.209782,-0.341497,0.343926,1.05,1.06958,0.944892,0.674955,0.944892,0.467846,0.739394,0.69147,160,79,0.0755052,1,1,1
h8_hem,165,88,1,198,3.37188,0,4867,9696,-0.0902119,-0.36517,0.209782,-0.341497,0.301046,1.05,0.982504,0.731183,0.570452,0.747312,0.416857,0.703224,0.650964,160,79,0.0778173,-1,1,1
h8_hem,166,88,1,146,2.51043,1,4274,9696,-0.138621,-0.234014,0.209782,-0.341497,0.364607,1.05,0.982509,0.948925,0.667787,0.948925,0.539176,0.722556,0.674459,160,79,0.0815675,-1,1,1
h8_hem,167,88,1,214,0.499967,0,4384,9696,-0.121683,-0.225555,0.209782,-0.341497,0.35126,1.05,0.950241,0.875,0.630152,0.875,0.498759,0.719054,0.670596,160,79,0.0743825,-1,1,1
h8_hem,168,88,1,96,1.98582,0,5101,9696,-0.0671816,-0.274177,0.209782,-0.341497,0.285154,1.05,1.13321,0.856183,0.641689,0.856183,0.463723,0.715517,0.668,160,79,0.0722513,-1,1,1
h8_hem,169,88,1,255,1.10622,1,5114,9696,-0.0685005,-0.350491,0.209782,-0.341497,0.278557,1.05,0.988938,0.771505,0.609767,0.771505,0.43466,0.771857,0.684157,160,79,0.0740086,1,1,1
h8_hem,170,88,1,60,4.13202,0,3920,9696,-0.155919,-0.233874,0.209782,-0.341497,0.381208,1.05,1.06835,0.943548,0.680443,0.948925,0.537568,0.724185,0.673157,160,79,0.0747014,1,1,1
h8_hem,171,88,1,290,4.46132,1,4930,9696,-0.0841227,-0.34627,0.209782,-0.341497,0.294066,1.05,1.12226,0.771505,0.571349,0.771505,0.491665,0.710424,0.661675,160,79,0.0782294,-1,1,1
h8_hem,172,88,1,181,3.80642,1,5016,9696,-0.0791311,-0.344654,0.209782,-0.341497,0.288932,1.05,1.02759,0.844086,0.618168,0.844086,0.425181,0.752163,0.703818,160,79,0.0745151,1,1,1
h8_hem,173,88,1,309,0.815627,0,1878,9696,-0.190233,-0.22521,0.209782,-0.341497,0.416575,1.05,1.05342,0.971774,0.700381,0.987903,0.552843,0.714413,0.665122,160,79,0.0733795,1,1,1
h8_hem,174,88,1,116,1.35138,1,4458,9696,-0.122601,-0.278692,0.209782,-0.341497,0.338268,1.05,1.1694,0.928763,0.679883,0.931451,0.493684,0.721904,0.673578,160,79,0.0763032,1,1,1
h8_hem,175,88,1,24,0.917107,0,2921,9696,-0.175088,-0.296745,0.209782,-0.341497,0.387556,1.05,1.12676,0.53629,0.43638,0.545699,0.51767,0.679381,0.616433,160,79,0.0801282,1,1,1
h8_hem,176,88,1,290,1.68635,0,4930,9696,-0.0841227,-0.34627,0.209782,-0.341497,0.294066,1.05,1.12914,0.766129,0.569556,0.766129,0.482512,0.709071,0.65816,160,79,0.079119,1,1,1
h8_hem,177,88,1,214,5.37852,0,4384,9696,-0.121683,-0.225555,0.209782,-0.341497,0.35126,1.05,1.13488,0.564516,0.452173,0.571237,0.46249,0.706133,0.65759,160,79,0.0763789,1,1,1
h8_hem,178,88,1,198,3.5914,0,4867,9696,-0.0902119,-0.36517,0.209782,-0.341497,0.301046,1.05,0.952918,0.737903,0.567092,0.747312,0.41458,0.703981,0.650343,160,79,0.0786561,-1,1,1
h8_hem,179,88,1,116,2.98101,0,4458,9696,-0.122601,-0.278692,0.209782,-0.341497,0.338268,1.05,1.18059,0.802419,0.595318,0.806452,0.46314,0.724364,0.676091,160,79,0.0786206,1,1,1
h8_hem,180,88,1,222,2.6841,0,3934,9696,-0.157372,-0.295391,0.209782,-0.341497,0.370042,1.05,1.1279,0.915323,0.657146,0.915323,0.493809,0.729325,0.682951,160,79,0.0725634,-1,1,1
h8_hem,181,88,1,39,2.70878,1,4259,9696,-0.138444,-0.32703,0.209782,-0.341497,0.34853,1.05,1.08186,0.665323,0.506048,0.665323,0.501666,0.634669,0.577928,160,79,0.0756612,1,1,1
h8_hem,182,88,1,103,5.63067,0,7750,3848,0.156912,-0.327803,-0.158952,-0.340571,0.316215,1.05,1.00528,0.91129,0.664315,0.91129,0.477118,0.769807,0.697976,160,79,0.0748072,1,1,1
h8_hem,183,88,1,346,2.95079,0,6883,3848,0.119856,-0.264549,-0.158952,-0.340571,0.289016,1.05,1.12552,0.86828,0.633065,0.86828,0.519021,0.760645,0.689104,160,79,0.0952759,1,1,1
h8_hem,184,88,1,181,1.34843,1,5016,9696,-0.0791311,-0.344654,0.209782,-0.341497,0.288932,1.05,1.11163,0.811828,0.603159,0.811828,0.406852,0.75163,0.703429,160,79,0.0776132,1,1,1
h8_hem,185,88,1,183,1.5076,0,4310,9696,-0.134125,-0.343162,0.209782,-0.341497,0.343926,1.05,1.05364,0.944892,0.670923,0.944892,0.507506,0.732501,0.684493,160,79,0.0780803,1,1,1
h8_hem,186,88,1,39,4.79495,0,4259,9696,-0.138444,-0.32703,0.209782,-0.341497,0.34853,1.05,1.04223,0.655914,0.530802,0.662634,0.494917,0.630088,0.573098,160,79,0.0757158,-1,1,1
h8_hem,187,88,1,112,4.5182,1,8840,3848,0.173417,-0.218949,-0.158952,-0.340571,0.353922,1.05,1.05105,0.545699,0.457213,0.545699,0.481064,0.702004,0.633874,160,79,0.0800907,1,1,1
h8_hem,188,88,1,222,4.9023,1,3934,9696,-0.157372,-0.295391,0.209782,-0.341497,0.370042,1.05,1.16818,0.997312,0.706429,0.997312,0.554018,0.73338,0.686774,160,79,0.0717565,1,1,1
h8_hem,189,88,1,183,0.362303,0,4310,9696,-0.134125,-0.343162,0.209782,-0.341497,0.343926,1.05,1.07721,0.899194,0.671147,0.899194,0.488926,0.737669,0.689714,160,79,0.07379,1,1,1
h8_hem,190,88,1,146,1.11887,0,4274,9696,-0.138621,-0.234014,0.209782,-0.341497,0.364607,1.05,1.02896,0.938172,0.668235,0.938172,0.532125,0.721841,0.673629,160,79,0.0753548,-1,1,1
h8_hem,191,88,1,116,0.512737,1,4458,9696,-0.122601,-0.278692,0.209782,-0.341497,0.338268,1.05,1.19488,0.819892,0.621304,0.837366,0.46554,0.723442,0.675039,160,79,0.0801311,1,1,1
h8_hem,192,88,1,146,5.10721,1,4274,9696,-0.138621,-0.234014,0.209782,-0.341497,0.364607,1.05,1.03642,0.920699,0.66353,0.930108,0.51872,0.721798,0.673784,98,86,0.0762195,1,1,1
h8_hem,193,88,1,181,1.97345,1,5016,9696,-0.0791311,-0.344654,0.209782,-0.341497,0.288932,1.05,1.11877,0.819892,0.614471,0.819892,0.435995,0.751159,0.702557,98,86,0.0802979,1,1,1
h8_hem,194,88,1,60,6.08614,0,3920,9696,-0.155919,-0.233874,0.209782,-0.341497,0.381208,1.05,0.991614,0.541667,0.422155,0.541667,0.522447,0.686177,0.636204,98,86,0.0770646,-1,1,1
h8_hem,195,88,1,24,3.53947,0,2921,9696,-0.175088,-0.296745,0.209782,-0.341497,0.387556,1.05,1.11322,0.551075,0.432348,0.551075,0.545054,0.669186,0.608723,98,86,0.0778366,-1,1,1
h8_hem,196,88,1,146,2.38895,1,4274,9696,-0.138621,-0.234014,0.209782,-0.341497,0.364607,1.05,0.990509,0.955645,0.672267,0.955645,0.540746,0.721515,0.673159,98,86,0.0768785,-1,1,1
h8_hem,197,88,1,24,1.85386,1,2921,9696,-0.175088,-0.296745,0.209782,-0.341497,0.387556,1.05,1.11475,0.497312,0.43414,0.498656,0.501958,0.672876,0.611117,98,86,0.0764193,1,1,1
h8_hem,198,88,1,222,0.226676,1,3934,9696,-0.157372,-0.295391,0.209782,-0.341497,0.370042,1.05,1.10476,0.912634,0.66185,0.916667,0.484182,0.730676,0.684207,98,86,0.0747898,-1,1,1
h8_hem,199,88,1,309,2.82254,1,1878,9696,-0.190233,-0.22521,0.209782,-0.341497,0.416575,1.05,1.05039,1.01075,0.71203,1.01075,0.571294,0.717169,0.66574,98,86,0.0721445,1,1,1
h8_hem,200,88,1,103,2.1934,0,7750,3848,0.156912,-0.327803,-0.158952,-0.340571,0.316215,1.05,1.0203,0.895161,0.658602,0.895161,0.478927,0.769801,0.697999,98,86,0.0851857,-1,1,1
h8_hem,201,88,1,183,4.9838,0,4310,9696,-0.134125,-0.343162,0.209782,-0.341497,0.343926,1.05,1.04833,0.91129,0.655242,0.913978,0.474442,0.729759,0.682305,98,86,0.0776495,-1,1,1
h8_hem,202,88,1,181,3.92606,1,5016,9696,-0.0791311,-0.344654,0.209782,-0.341497,0.288932,1.05,1.01841,0.856183,0.6194,0.856183,0.441163,0.752645,0.704224,98,86,0.0743044,1,1,1
h8_hem,203,88,1,244,5.23769,1,4636,9696,-0.119313,-0.343678,0.209782,-0.341497,0.329103,1.05,0.980934,0.700269,0.532818,0.708333,0.483734,0.644905,0.576739,98,86,0.0814342,1,1,1
h8_hem,204,88,1,24,2.71895,0,2921,9696,-0.175088,-0.296745,0.209782,-0.341497,0.387556,1.05,1.02335,0.544355,0.431564,0.544355,0.530534,0.674381,0.607608,98,86,0.0763873,1,1,1
h8_hem,205,88,1,255,1.99103,1,5114,9696,-0.0685005,-0.350491,0.209782,-0.341497,0.278557,1.05,1.0796,0.766129,0.580309,0.766129,0.474198,0.74028,0.679891,98,86,0.0775243,1,1,1
h8_hem,206,88,1,222,5.37357,0,3934,9696,-0.157372,-0.295391,0.209782,-0.341497,0.370042,1.05,1.16334,0.94086,0.676299,0.94086,0.527965,0.729629,0.682745,98,86,0.0742132,1,1,1
h8_hem,207,88,1,309,1.48172,0,1878,9696,-0.190233,-0.22521,0.209782,-0.341497,0.416575,1.05,1.05618,0.90457,0.661402,0.913978,0.552543,0.716372,0.666905,98,86,0.074115,1,1,1
h8_hem,208,88,1,96,4.94628,1,5101,9696,-0.0671816,-0.274177,0.209782,-0.341497,0.285154,1.05,1.03337,0.88172,0.643817,0.88172,0.488866,0.718824,0.671596,98,86,0.0792143,1,1,1
h8_hem,209,88,1,244,5.36271,1,4636,9696,-0.119313,-0.343678,0.209782,-0.341497,0.329103,1.05,0.986567,0.681452,0.525426,0.686828,0.487028,0.645669,0.578092,98,86,0.0802663,1,1,1
h8_hem,210,88,1,183,3.68545,1,4310,9696,-0.134125,-0.343162,0.209782,-0.341497,0.343926,1.05,1.07514,0.947581,0.681004,0.947581,0.476647,0.738712,0.690909,98,86,0.0810799,1,1,1
h8_hem,211,88,1,24,2.86385,0,2921,9696,-0.175088,-0.296745,0.209782,-0.341497,0.387556,1.05,1.0913,0.516129,0.40961,0.526882,0.569115,0.665052,0.601976,98,86,0.0770634,-1,1,1
h8_hem,212,88,1,346,0.226793,0,6883,3848,0.119856,-0.264549,-0.158952,-0.340571,0.289016,1.05,1.07175,0.846774,0.638665,0.846774,0.489411,0.760831,0.689235,98,86,0.0818181,-1,1,1
h8_hem,213,88,1,346,1.1897,0,6883,3848,0.119856,-0.264549,-0.158952,-0.340571,0.289016,1.05,0.946918,0.853495,0.625224,0.853495,0.433254,0.761878,0.689814,98,86,0.0775767,-1,1,1
h8_hem,214,88,1,280,2.41824,0,3801,9696,-0.160473,-0.32718,0.209782,-0.341497,0.370537,1.05,1.05947,0.560484,0.456765,0.560484,0.525128,0.621662,0.553703,98,86,0.0865417,-1,1,1
h8_hem,215,88,1,96,1.10249,0,5101,9696,-0.0671816,-0.274177,0.209782,-0.341497,0.285154,1.05,0.992771,0.889785,0.644825,0.889785,0.490355,0.720127,0.672837,98,86,0.0822859,-1,1,1
h8_hem,216,88,1,69,0.120914,0,6992,3848,0.13823,-0.359112,-0.158952,-0.340571,0.29776,1.05,0.996091,0.873656,0.647289,0.873656,0.437176,0.766372,0.694901,98,86,0.0774206,1,1,1
h8_hem,217,88,1,346,1.60757,1,6883,3848,0.119856,-0.264549,-0.158952,-0.340571,0.289016,1.05,0.919062,0.85215,0.616039,0.85215,0.413741,0.762377,0.689504,98,86,0.0838283,-1,1,1
h8_hem,218,88,1,255,4.37397,1,5114,9696,-0.0685005,-0.350491,0.209782,-0.341497,0.278557,1.05,1.00342,0.755376,0.598566,0.755376,0.444651,0.758863,0.68593,98,86,0.0751478,-1,1,1
h8_hem,219,88,1,24,5.92835,0,2921,9696,-0.175088,-0.296745,0.209782,-0.341497,0.387556,1.05,1.05458,0.662634,0.493168,0.662634,0.554463,0.710281,0.657326,98,86,0.0729253,1,1,1
h8_hem,220,88,1,168,6.14944,1,4388,9696,-0.122911,-0.252378,0.209782,-0.341497,0.344424,1.05,1.00507,0.924731,0.662522,0.924731,0.51409,0.722696,0.674326,98,86,0.0777321,-1,1,1
h8_hem,221,88,1,183,1.2992,0,4310,9696,-0.134125,-0.343162,0.209782,-0.341497,0.343926,1.05,1.0595,0.918011,0.669355,0.918011,0.474128,0.731707,0.683739,98,86,0.0784964,1,1,1
h8_hem,222,88,1,103,1.57809,0,7750,3848,0.156912,-0.327803,-0.158952,-0.340571,0.316215,1.05,1.05884,0.927419,0.679099,0.927419,0.494979,0.76912,0.697716,98,86,0.0845904,-1,1,1
h8_hem,223,88,1,346,1.15771,1,6883,3848,0.119856,-0.264549,-0.158952,-0.340571,0.289016,1.05,1.19051,0.831989,0.603159,0.834677,0.451064,0.758969,0.687264,98,86,0.0850611,1,1,1
h8_hem,224,88,1,181,1.74291,1,5016,9696,-0.0791311,-0.344654,0.209782,-0.341497,0.288932,1.05,1.11671,0.81586,0.610999,0.81586,0.429583,0.751375,0.703033,98,86,0.096102,1,1,1
h8_hem,225,88,1,181,0.151708,0,5016,9696,-0.0791311,-0.344654,0.209782,-0.341497,0.288932,1.05,1.07696,0.841398,0.62668,0.841398,0.443518,0.752421,0.704132,98,86,0.0860387,1,1,1
h8_hem,226,88,1,198,5.0334,0,4867,9696,-0.0902119,-0.36517,0.209782,-0.341497,0.301046,1.05,1.17959,0.705645,0.53741,0.705645,0.469314,0.698659,0.64921,98,86,0.0818849,1,1,1
h8_hem,227,88,1,116,1.30681,1,4458,9696,-0.122601,-0.278692,0.209782,-0.341497,0.338268,1.05,1.17256,0.927419,0.678315,0.935484,0.490837,0.72206,0.673675,98,86,0.0798537,1,1,1
h8_hem,228,88,1,309,4.32756,0,1878,9696,-0.190233,-0.22521,0.209782,-0.341497,0.416575,1.05,1.05557,0.932796,0.676747,0.946237,0.578382,0.714483,0.665124,98,86,0.0899512,-1,1,1
h8_hem,229,88,1,146,1.92733,0,4274,9696,-0.138621,-0.234014,0.209782,-0.341497,0.364607,1.05,1.11107,0.862903,0.633512,0.865591,0.523479,0.721148,0.673099,98,86,0.0869815,-1,1,1
h8_hem,230,88,1,309,1.79151,0,1878,9696,-0.190233,-0.22521,0.209782,-0.341497,0.416575,1.05,1.05659,0.88172,0.646505,0.889785,0.552783,0.716269,0.666892,98,86,0.0730658,1,1,1
h8_hem,231,88,1,183,4.64407,0,4310,9696,-0.134125,-0.343162,0.209782,-0.341497,0.343926,1.05,1.05725,0.93414,0.664874,0.93414,0.495397,0.731746,0.684306,98,86,0.0799731,-1,1,1
h8_hem,232,88,1,280,3.34808,1,3801,9696,-0.160473,-0.32718,0.209782,-0.341497,0.370537,1.05,1.04434,0.557796,0.478047,0.557796,0.497697,0.624331,0.555103,98,86,0.0777245,1,1,1
h8_hem,233,88,1,60,2.33561,1,3920,9696,-0.155919,-0.233874,0.209782,-0.341497,0.381208,1.05,1.05354,0.584677,0.46147,0.590054,0.484485,0.707707,0.656692,98,86,0.080021,-1,1,1
h8_hem,234,88,1,96,4.50617,0,5101,9696,-0.0671816,-0.274177,0.209782,-0.341497,0.285154,1.05,1.03677,0.880376,0.639337,0.880376,0.487246,0.718418,0.671587,98,86,0.0825067,1,1,1
h8_hem,235,88,1,112,5.63047,0,8840,3848,0.173417,-0.218949,-0.158952,-0.340571,0.353922,1.05,1.0452,0.55914,0.448813,0.561828,0.490955,0.700922,0.632686,98,86,0.0786321,1,1,1
h8_hem,236,88,1,255,4.89121,0,5114,9696,-0.0685005,-0.350491,0.209782,-0.341497,0.278557,1.05,1.01687,0.752688,0.59319,0.752688,0.455418,0.75802,0.683687,98,86,0.0772398,-1,1,1
h8_hem,237,88,1,60,5.52144,0,3920,9696,-0.155919,-0.233874,0.209782,-0.341497,0.381208,1.05,1.1306,0.568548,0.444556,0.573925,0.505033,0.692939,0.64226,98,86,0.0787551,1,1,1
h8_hem,238,88,1,309,3.20418,0,1878,9696,-0.190233,-0.22521,0.209782,-0.341497,0.416575,1.05,1.04934,1.02151,0.713486,1.02151,0.582001,0.717139,0.665694,98,86,0.0781125,-1,1,1
h8_hem,239,88,1,346,4.75418,0,6883,3848,0.119856,-0.264549,-0.158952,-0.340571,0.289016,1.05,0.915259,0.836021,0.608423,0.836021,0.414185,0.762262,0.689562,98,86,0.0798077,1,1,1
